"","sq1","sq2","sq3","sq5","sq7","sq8","sq9","sq10","sq11","sq12","sq13","sq14","sq15","sq16","sq17","sq18","sq19","sq20","sq22","sq23","sq24","sq26","sq29","sq30","sq31","sq32","sq35","sq36","sq37","sq38","sq39","sq40","sq41","sq42","sq43","sq44","sq45","sq46","sq47","sq48","sq49","sq50","sq51","sq52","sq53","sq54","sq55","sq56","sq57","sq59","sq60","sq61","sq63","sq65","sq67","sq68","sq70","sq71","sq72","sq73","sq74","sq75","sq76","sq77","sq79","sq81","sq82","sq83","sq84","sq87","sq88","sq89","sq90","sq91","sq92","sq93","sq94","sq96","sq97","sq98","sq99","sq100","sq101","sq102","sq103","sq104","sq105","sq106","sq108","sq110","sq112","sq113","sq114","sq115","sq116","sq117","sq118","sq119","sq120","sq121","sq122","sq123","sq124","sq126","sq127","sq128","sq129","sq130","sq131","sq132","sq133","sq134","sq135","sq136","sq137","sq138","sq139","sq141","sq142","sq143","sq144","sq145","sq146","sq147","sq148","sq149","sq150","sq151","sq152","sq153","sq154","sq155","sq157","sq158","sq159","sq160","sq161","sq162","sq163","sq164","sq165","sq168","sq169","sq170","sq171","sq172","sq173","sq174","sq175","sq176","sq177","sq178","sq179","sq180","sq181","sq183","sq184","sq185","sq186","sq187","sq188","sq189","sq190","sq191","sq192","sq193","sq194","sq195","sq196","sq201","sq203","sq204","sq206","sq207","sq208","sq209","sq210","sq212","sq213","sq214","sq216","sq217","sq218","sq219","sq220","sq221","sq225","sq226","sq227","sq228","sq229","sq230","sq232","sq234","sq241","sq243","sq247","sq248","sq253","sq255","sq259","sq261","sq262","sq264","sq265","sq272","sq273"
"A1",6023,2154,2969,17,0,0,38,13,0,32,5,3,0,96,63,14,0,0,0,2,11,11,0,0,0,24,11,0,0,0,0,0,0,0,0,0,0,0,0,0,0,0,0,0,0,0,2,0,0,0,0,2,0,0,0,25,0,0,0,0,0,0,0,0,0,0,0,137,0,0,0,0,0,0,0,0,11,0,0,0,0,0,0,0,0,0,0,0,0,14,0,0,0,0,0,0,0,0,0,8,0,0,0,0,0,0,0,0,0,0,0,0,0,0,0,0,0,0,0,0,16,0,0,0,0,0,0,0,0,0,0,0,0,0,0,0,0,0,0,0,0,0,0,0,0,0,0,0,0,0,0,0,0,0,0,0,0,0,0,0,0,0,0,0,0,0,0,0,0,0,0,0,0,0,0,0,0,0,0,0,0,0,0,0,0,0,8,0,0,0,0,0,0,0,0,0,0,0,0,0,0,0,0,0,0,0,0
"A10",6514,3001,189,123,0,42,127,28,33,23,14,6,18,163,38,0,25,10,0,13,94,20,0,0,0,168,0,20,0,0,0,16,0,10,105,0,13,0,0,0,0,0,0,0,12,49,9,0,0,0,0,0,0,0,0,27,24,29,0,0,25,0,0,0,0,0,0,0,0,0,0,0,0,31,0,0,0,0,0,0,0,0,0,0,0,8,12,0,9,0,114,0,0,0,0,26,0,0,0,0,0,0,35,0,0,17,0,0,0,0,0,0,0,54,0,7,0,0,0,0,0,0,23,0,0,0,0,0,0,0,0,0,0,0,0,0,0,0,10,0,0,0,0,0,0,0,0,0,0,0,0,0,0,0,0,0,0,0,0,0,0,0,0,0,0,0,0,0,11,0,0,0,0,0,0,0,0,0,0,9,0,0,0,0,11,0,0,0,0,0,0,0,0,0,0,0,0,0,0,31,0,0,0,0,0,0,0
"A11",2691,624,7052,3,0,4,24,88,17,36,0,27,135,96,10,56,0,63,0,51,0,10,0,0,0,55,0,11,0,25,0,253,12,0,0,0,0,0,5,0,0,0,0,0,40,16,0,0,64,0,7,17,0,0,0,4,0,0,59,0,0,0,47,12,0,0,0,0,0,0,0,0,0,0,0,14,0,0,0,0,0,0,5,0,0,0,0,0,10,9,0,0,22,0,0,0,0,0,0,3,0,6,0,0,0,0,0,0,1,0,0,0,0,0,0,12,0,0,0,6,3,0,0,0,0,0,5,0,0,0,0,0,0,1,0,0,3,0,0,0,0,0,0,3,0,0,0,0,0,0,0,0,0,0,0,0,0,0,0,0,0,0,0,0,0,0,0,0,0,0,0,0,0,0,0,0,0,0,0,0,0,0,0,0,0,0,3,0,0,0,0,0,0,0,0,0,0,0,0,0,0,0,0,0,0,0,0
"A12",3438,999,4343,29,0,5,50,40,0,31,9,5,315,0,49,0,0,170,10,11,10,23,0,5,17,22,0,8,0,111,0,0,5,0,30,0,0,1,0,0,0,0,13,0,96,0,0,0,572,0,6,5,0,11,0,12,37,0,35,39,0,0,423,27,0,0,5,0,21,0,0,0,12,31,0,6,4,0,21,6,0,0,0,0,0,0,16,0,17,0,0,0,2,7,0,0,0,3,0,0,0,0,8,0,0,0,0,0,0,0,0,0,0,6,0,0,0,10,11,0,0,8,0,0,0,0,6,3,0,0,0,0,0,0,0,0,0,0,0,0,14,0,0,1,0,0,0,0,0,0,0,0,0,0,0,0,5,0,0,0,0,0,0,0,0,0,0,0,0,0,0,0,0,0,0,0,2,0,0,0,0,0,0,14,0,0,0,0,0,0,0,0,0,0,6,0,0,0,29,0,0,0,0,0,0,0,0
"A2",2008,2879,4699,34,0,0,14,33,1017,36,0,99,0,66,0,42,0,0,0,114,20,0,0,63,0,65,67,0,0,0,0,0,0,34,0,0,0,0,0,0,0,0,21,0,0,0,0,0,0,0,10,0,0,0,0,0,0,0,0,0,0,0,0,0,0,0,19,0,0,0,0,0,0,64,0,0,0,0,0,0,0,0,0,0,0,0,0,0,0,0,0,0,0,0,0,0,0,0,0,0,0,0,0,0,0,0,0,0,0,0,0,0,18,0,0,0,0,11,0,0,0,0,0,0,0,0,0,0,0,0,0,0,0,15,0,0,0,0,0,0,0,0,0,0,0,0,0,0,0,0,0,0,0,0,0,0,0,0,0,0,0,0,0,0,0,0,0,0,0,0,83,0,0,0,0,0,0,0,0,0,0,0,0,0,0,0,15,8,0,0,0,21,0,0,0,0,0,0,0,0,0,0,0,0,0,0,0
"A3",5190,1876,3464,0,0,0,69,15,198,25,4,249,0,166,29,0,0,0,0,97,54,0,0,10,7,0,0,21,0,0,0,1,60,0,17,0,0,0,0,0,0,0,44,0,0,0,0,28,0,0,0,0,0,0,0,0,0,11,0,0,0,0,0,0,0,0,26,0,0,0,8,0,0,0,5,0,13,0,0,0,0,0,0,0,0,0,0,0,0,0,0,0,0,0,0,0,0,0,0,0,0,0,0,0,0,0,0,0,0,0,0,0,4,0,0,0,0,3,0,0,0,0,0,0,0,0,0,17,0,0,0,0,0,0,0,0,0,27,0,0,0,0,0,0,0,0,0,5,0,0,0,0,0,0,0,0,0,0,0,0,16,0,0,0,0,0,0,0,20,0,0,0,0,0,0,0,0,0,0,0,0,0,0,0,0,0,0,0,0,0,0,0,0,0,0,0,0,0,0,0,0,0,0,0,0,0,0
"A5",7314,2638,35,0,0,0,90,0,0,94,32,290,94,0,85,0,0,203,0,75,11,79,0,0,0,28,0,8,250,16,0,3,9,0,97,0,0,0,5,0,0,0,0,0,19,24,0,0,0,0,0,5,0,0,0,0,0,0,0,0,0,105,0,0,0,0,7,0,69,0,0,0,0,0,0,0,0,0,0,0,0,0,0,0,0,0,0,0,0,0,0,0,0,0,0,0,4,0,0,0,0,0,0,0,0,0,0,0,0,0,0,0,28,0,0,0,0,0,0,0,0,0,9,0,0,0,0,0,0,0,0,0,0,0,0,18,0,0,0,0,0,0,0,0,0,0,0,0,0,0,0,0,0,0,0,0,0,0,0,0,0,0,0,0,0,0,0,0,0,0,0,0,0,0,0,0,0,0,0,0,0,0,0,0,0,0,0,0,0,0,0,0,0,15,0,0,0,0,15,0,0,0,0,0,0,0,71
"A6",4387,5231,501,5,0,0,194,56,906,57,0,0,0,0,102,65,0,0,16,0,41,0,0,0,0,0,0,15,0,0,0,0,0,0,0,0,0,0,0,0,0,0,0,0,0,0,0,0,0,0,0,0,0,0,0,0,0,0,0,0,0,0,0,0,0,0,0,0,0,0,0,0,0,0,0,0,0,0,0,0,0,0,0,0,0,0,0,0,0,16,0,0,0,0,0,0,16,0,0,0,0,0,0,0,0,0,0,0,0,0,0,0,0,0,0,26,0,14,0,0,0,0,37,0,0,0,0,0,0,0,0,0,0,0,0,34,0,0,0,0,0,0,0,24,23,0,0,22,0,0,0,0,0,0,0,0,0,0,0,0,0,7,0,0,0,0,0,0,0,45,22,0,0,0,0,0,0,0,0,0,0,0,0,0,0,0,0,0,0,0,0,0,0,0,0,0,0,0,0,0,0,0,0,0,0,0,0
"A7",5949,1439,2456,8,0,0,0,145,0,121,95,0,0,0,0,55,0,0,62,24,27,53,0,0,0,0,83,0,0,0,0,17,0,0,0,0,136,0,25,5,0,0,78,0,0,0,0,0,0,219,0,4,0,0,0,5,23,11,0,0,0,0,0,0,0,89,0,0,0,0,7,105,0,0,9,57,4,0,0,0,0,0,0,0,0,0,0,0,0,0,0,0,0,0,0,0,0,7,0,0,0,0,0,0,0,18,0,0,0,33,4,0,0,0,0,0,0,0,0,0,0,0,0,0,7,0,0,0,0,0,0,0,0,0,0,36,10,10,0,0,0,0,14,9,0,0,0,0,0,0,0,0,0,0,0,0,0,0,0,0,0,0,0,0,34,0,0,0,0,0,0,0,0,3,0,0,0,0,0,0,0,0,0,0,0,0,0,0,0,0,0,0,0,0,0,0,0,0,0,0,0,0,0,0,0,0,0
"A9",2068,401,116,7607,0,0,4,0,18,5,31,0,0,0,11,9,0,0,15,0,0,0,0,0,0,0,0,0,0,0,0,0,0,0,0,497,0,498,0,0,52,0,2,87,0,5,0,3,0,0,0,0,0,0,0,11,145,0,0,0,0,0,0,0,0,0,0,3,0,0,4,0,0,0,0,0,0,0,0,0,0,0,0,0,0,0,0,12,0,0,0,0,0,0,0,0,0,45,4,0,0,0,0,0,0,0,0,0,0,2,0,0,0,0,0,0,0,0,0,0,0,0,0,0,0,0,7,0,0,0,0,0,1,0,0,2,0,2,0,0,0,0,0,0,0,0,0,0,0,0,0,0,0,0,0,0,0,0,0,0,0,0,2,0,0,0,0,0,0,0,0,0,0,0,0,0,0,0,0,0,0,0,0,0,0,0,0,0,0,0,0,0,0,7,0,0,0,0,0,0,0,0,0,0,0,0,0
"B1",4467,3330,94,71,0,0,36,1657,48,53,0,0,0,0,0,595,0,0,0,51,91,22,0,65,0,8,589,3,0,0,16,0,0,0,0,0,0,0,19,0,127,0,0,0,0,0,0,0,0,0,27,19,25,0,0,0,0,0,0,0,0,0,0,0,0,0,0,0,0,0,0,0,0,0,0,0,0,0,0,0,0,0,0,0,0,96,0,16,0,0,0,0,0,0,0,10,0,0,0,0,0,0,6,15,0,0,0,0,8,0,0,0,0,0,0,0,0,0,0,0,0,54,0,0,0,0,0,0,0,0,0,0,0,0,0,0,0,0,0,0,0,0,0,0,0,0,0,14,0,0,0,0,0,0,0,0,0,0,0,0,0,0,0,0,0,0,0,0,0,0,0,0,0,25,0,0,15,0,0,0,0,0,0,0,0,0,0,0,0,0,0,0,0,0,0,0,0,0,0,0,0,0,0,0,0,0,0
"B10",4338,4164,28,14,0,0,221,41,0,187,0,45,349,0,61,11,0,318,0,81,30,17,0,0,0,41,0,0,0,173,0,0,0,12,0,0,0,0,0,0,125,0,0,0,108,0,0,0,0,0,0,0,0,0,0,8,0,0,42,107,0,0,0,123,0,0,24,18,69,83,84,0,0,0,0,0,0,0,27,0,23,17,143,0,0,0,0,0,40,0,0,8,0,59,0,0,0,0,0,0,0,0,0,0,0,0,0,0,0,0,0,0,0,21,0,0,0,0,0,0,31,0,0,0,0,0,0,0,0,19,19,0,0,0,0,0,0,0,0,0,16,0,0,0,0,0,75,0,0,0,0,0,0,0,0,0,24,0,0,0,0,0,0,0,0,0,0,0,0,0,0,0,19,0,0,0,0,0,0,0,0,0,0,0,0,0,0,0,38,0,0,0,0,0,0,0,0,7,0,0,0,0,0,0,0,0,0
"B11",3577,1736,4581,0,0,15,138,41,0,96,24,32,348,96,26,16,0,106,14,16,6,45,0,0,0,59,0,0,0,29,0,35,26,10,0,0,0,0,3,0,0,0,13,0,23,0,0,0,35,0,0,4,0,0,0,11,0,0,45,22,0,0,0,34,0,0,0,0,33,9,0,0,27,0,0,111,0,0,33,0,22,20,0,0,0,0,0,0,12,0,0,0,0,7,0,0,0,0,0,0,0,0,0,0,0,0,0,13,0,0,0,0,0,0,0,0,0,0,0,0,0,0,0,0,0,0,0,0,0,0,0,0,0,0,0,0,0,0,0,0,1,0,0,11,0,0,0,0,0,0,0,13,0,0,0,38,0,0,0,0,0,0,0,6,0,0,0,0,0,0,0,0,6,0,0,0,0,0,0,0,0,0,0,0,0,0,6,0,0,0,0,0,13,0,0,0,0,0,0,0,0,0,0,0,0,0,0
"B12",2118,735,8763,42,0,8,41,0,37,17,11,0,22,0,42,2,0,12,5,0,6,4,0,0,0,0,0,0,0,8,0,0,0,0,0,0,0,0,0,0,0,0,0,0,6,0,0,0,0,0,9,0,0,0,0,11,0,0,13,0,0,0,0,7,0,0,0,0,0,0,0,0,0,0,0,0,0,0,0,0,0,0,0,0,0,0,0,0,0,0,0,0,0,0,0,0,0,0,0,0,0,0,0,0,0,0,0,0,0,0,0,0,0,0,0,0,0,0,0,0,0,0,0,0,0,0,0,0,0,0,0,0,0,0,0,0,0,0,0,0,2,0,0,0,0,0,0,0,0,0,0,0,0,0,0,0,0,0,0,0,0,0,0,0,0,0,0,0,0,0,0,0,0,0,0,0,0,0,0,0,0,0,0,0,0,0,0,0,6,0,0,0,0,0,0,0,0,0,0,0,0,0,0,0,0,0,0
"B2",2646,4216,424,0,0,0,53,58,57,118,0,95,0,94,0,200,0,0,0,168,35,43,0,767,0,49,59,0,0,0,0,44,0,0,0,0,0,0,0,18,0,0,0,0,0,0,0,0,0,0,122,0,232,0,0,0,0,16,0,0,0,50,0,0,100,0,18,0,0,0,0,0,6,0,0,0,23,0,0,165,0,0,0,0,2,0,11,0,0,0,0,0,0,0,0,0,0,0,0,0,0,0,0,79,0,0,0,5,0,0,65,134,0,0,0,19,0,0,17,0,0,94,0,0,0,0,58,30,0,17,0,0,32,26,0,0,38,0,0,0,0,0,0,0,0,0,0,0,0,97,0,0,12,0,0,0,0,0,0,0,8,0,52,0,0,0,0,54,0,0,0,54,0,0,0,0,0,16,59,0,0,0,0,0,0,0,0,0,0,0,0,0,14,0,0,0,0,0,0,0,0,0,0,0,0,23,0
"B3",1655,2089,4893,0,0,0,148,237,161,22,0,95,0,71,0,76,0,0,0,44,38,0,0,0,224,30,0,5,0,0,0,0,459,0,0,0,0,0,5,0,0,0,32,0,0,0,0,326,0,0,0,14,0,0,0,0,0,0,0,0,0,0,0,0,0,0,9,0,0,0,0,0,58,0,0,16,0,0,0,0,0,67,0,0,0,0,0,0,0,0,0,0,0,0,55,0,0,0,0,0,0,0,0,0,8,0,0,7,0,0,0,0,8,0,0,0,0,0,0,0,0,0,0,0,0,170,0,0,0,0,0,0,2,0,0,11,7,35,0,0,0,0,0,16,0,0,0,14,0,0,0,0,0,0,0,0,0,0,0,0,0,0,0,0,0,0,0,0,0,0,0,0,0,0,0,0,0,0,0,0,0,0,0,0,0,0,0,0,0,0,0,0,0,0,6,0,0,0,0,0,0,0,0,0,0,0,0
"B4",4207,4156,2018,6,0,0,164,0,0,15,0,178,0,70,93,99,0,0,38,27,80,78,0,0,32,13,0,0,0,0,0,0,0,0,0,0,0,0,56,17,0,0,0,0,0,0,0,0,0,0,0,16,0,0,0,0,0,19,0,0,0,0,0,0,0,0,0,0,0,0,0,0,28,0,0,0,0,0,0,0,0,0,0,0,0,0,34,0,0,0,0,0,0,0,0,0,0,0,0,0,0,0,0,0,0,0,0,0,0,0,0,0,0,0,0,0,0,0,0,0,0,0,0,0,0,0,0,0,0,0,0,0,12,0,0,0,0,17,0,0,0,0,3,0,0,0,0,0,0,0,0,43,0,0,0,0,0,0,0,0,0,0,0,0,0,0,0,0,0,0,0,0,0,0,0,0,0,0,0,0,0,0,0,0,0,0,0,0,0,0,0,0,0,0,0,0,0,19,0,0,0,0,0,0,0,0,0
"B6",5469,2884,504,46,0,0,22,397,517,0,9,0,0,126,0,94,0,0,33,41,35,906,0,0,0,15,282,0,0,0,0,0,0,85,0,0,0,0,5,0,0,0,0,0,0,0,0,0,0,0,29,0,0,0,0,0,0,0,0,0,0,0,0,0,0,0,0,0,0,0,0,0,0,0,0,0,12,0,0,0,0,0,0,0,0,39,38,0,0,0,0,0,0,0,0,22,0,0,0,0,0,0,0,0,0,0,0,66,0,0,0,0,0,0,0,0,0,8,0,0,0,0,0,0,0,0,0,0,0,0,0,0,0,9,0,0,0,0,0,0,0,0,0,0,0,0,0,0,0,0,0,0,0,0,0,0,0,0,0,0,0,0,0,0,0,0,0,0,0,0,7,0,0,0,0,0,0,8,0,0,0,0,0,0,0,0,0,0,0,0,0,0,0,0,0,0,0,0,0,0,0,46,0,0,0,0,0
"B7",3968,6508,23,0,0,0,270,86,0,136,0,0,0,0,166,55,0,0,0,119,48,0,0,0,0,32,0,0,0,0,0,0,0,46,0,0,0,0,0,0,0,0,26,0,0,0,0,0,0,0,0,24,0,0,0,0,0,0,0,0,0,0,0,0,0,0,11,0,0,0,0,0,0,0,0,0,0,0,0,0,0,0,0,0,0,0,0,0,0,0,0,0,0,0,0,0,0,0,0,0,0,0,0,0,0,0,0,0,42,0,0,0,0,0,0,0,0,0,0,0,31,0,0,0,0,0,0,0,0,0,0,0,0,0,0,0,0,37,0,0,0,46,0,0,0,0,0,0,0,0,0,0,0,0,0,0,0,0,0,0,0,0,0,0,0,0,0,0,0,0,0,0,0,0,0,0,0,0,0,0,0,0,0,0,0,0,0,0,0,0,0,0,0,0,0,0,67,0,0,0,0,0,0,0,0,0,0
"B9",2741,3391,61,6,0,0,128,1623,0,416,0,0,0,0,128,180,0,38,50,37,36,37,0,0,54,16,0,12,0,0,0,30,0,684,0,0,0,0,0,0,91,0,0,28,0,258,0,53,0,0,0,39,0,0,0,0,20,30,0,0,0,0,0,0,0,0,0,0,0,0,83,0,0,9,5,0,0,0,0,0,0,0,0,0,0,0,0,0,0,0,0,0,0,0,9,0,13,0,0,289,0,11,48,0,128,0,0,0,26,0,14,0,21,0,0,0,0,64,0,0,0,0,0,0,0,0,0,0,17,0,0,0,0,0,0,0,17,0,0,0,0,0,0,0,0,0,0,0,0,0,0,0,0,0,0,0,0,0,0,0,0,0,48,0,0,0,0,0,0,0,0,0,0,12,0,0,0,0,0,0,0,0,131,0,8,0,29,0,0,0,0,0,0,0,0,0,0,0,0,0,23,0,0,0,0,0,0
"C1",916,588,65,10136,0,0,37,0,0,0,0,0,0,0,19,0,0,0,0,1,9,0,0,38,0,0,0,0,0,0,0,0,0,0,4,0,0,0,0,0,0,0,0,0,0,5,0,0,0,0,0,3,11,0,0,0,2,0,0,0,0,6,0,0,0,0,0,37,0,0,0,0,0,0,0,0,0,0,0,5,0,0,0,0,0,0,0,0,0,0,0,0,0,0,0,4,0,0,0,0,0,0,0,21,0,0,0,0,0,0,0,0,0,0,0,0,0,0,0,0,0,0,0,0,0,1,0,0,0,0,0,0,0,0,0,0,0,0,0,0,0,0,0,0,2,0,0,0,0,0,0,0,0,0,0,0,0,0,0,0,2,0,0,0,0,0,0,0,0,0,0,0,0,0,0,0,2,0,0,0,0,0,0,0,0,0,0,0,0,0,0,0,0,0,0,0,0,0,0,0,0,0,0,0,0,0,0
"C10",5309,1616,159,3559,0,11,39,489,28,18,51,0,13,72,0,117,0,0,7,0,11,18,0,0,0,13,162,0,0,0,0,4,0,0,0,0,0,0,0,0,0,0,0,64,0,0,0,10,0,0,0,0,0,0,0,0,8,0,0,0,0,0,0,0,0,0,0,0,0,0,9,0,0,0,37,0,0,0,0,0,0,0,0,0,0,53,2,0,0,0,0,0,3,0,0,0,0,0,0,0,0,0,0,0,0,0,0,0,0,0,0,0,0,0,0,7,0,0,0,0,0,0,0,0,0,0,0,0,0,5,0,0,0,0,0,4,0,0,0,0,0,0,0,0,0,0,3,0,0,0,0,0,0,0,0,0,0,0,0,0,0,0,0,0,0,0,0,0,0,0,0,0,0,0,0,0,0,0,0,0,0,0,2,0,0,0,0,0,0,0,0,0,0,0,0,0,0,0,0,0,0,0,0,0,0,0,0
"C11",0,1649,6385,2,3054,19,111,20,112,38,4,20,36,32,58,0,0,5,0,14,12,0,0,0,0,50,0,4,0,4,0,33,18,0,0,0,0,0,7,0,0,0,0,0,11,0,0,0,0,0,7,0,0,0,0,0,0,0,0,0,0,0,0,14,0,0,0,0,12,0,0,0,2,0,0,40,16,6,0,0,33,0,0,0,0,0,0,0,0,0,0,0,0,0,0,0,0,0,0,0,0,0,0,0,0,0,0,0,0,0,0,0,0,11,0,0,0,0,0,0,0,0,0,7,0,0,0,0,0,0,0,0,0,0,8,0,0,0,0,0,0,0,0,0,0,0,0,0,0,0,0,0,0,0,0,0,8,0,0,0,0,0,0,0,6,0,0,0,0,0,0,0,0,0,0,0,0,0,0,0,0,0,0,0,0,0,0,0,0,0,0,0,0,0,0,0,0,0,0,0,0,0,0,0,0,0,0
"C3",8304,2311,93,8,0,0,113,0,0,0,8,114,0,291,53,9,0,0,0,9,20,0,0,0,220,20,0,20,0,0,0,0,11,0,0,0,0,0,0,0,0,0,92,0,0,0,0,11,0,0,0,0,0,0,7,0,0,0,0,0,0,0,0,0,0,0,0,0,0,0,0,0,44,0,0,0,0,0,0,0,0,0,0,0,0,0,0,0,0,0,0,0,0,0,0,7,0,0,0,0,0,0,0,0,0,0,0,0,0,0,0,0,0,0,0,0,0,0,0,0,0,0,0,0,0,0,0,0,0,0,0,0,0,0,0,0,9,0,0,0,0,0,0,0,0,0,0,0,0,0,0,0,0,0,0,0,0,0,0,0,0,0,0,0,0,0,0,0,0,0,0,0,0,0,0,0,0,0,20,0,0,0,0,0,0,0,0,0,0,0,0,0,0,0,0,0,0,0,0,0,0,0,0,0,8,0,0
"C4",6086,4193,105,19,0,0,147,0,0,51,0,0,0,0,37,0,0,0,0,38,60,0,0,14,0,0,0,11,0,0,58,38,0,0,64,0,0,0,0,0,0,0,0,0,0,21,0,0,0,0,30,55,27,0,0,0,0,0,0,0,0,0,0,0,0,0,26,0,0,0,0,0,0,0,0,21,0,0,0,0,0,67,0,0,0,0,0,0,0,0,0,0,0,0,0,0,0,0,0,0,0,0,0,0,0,0,0,0,0,6,0,0,0,0,0,0,5,0,0,0,0,0,0,0,0,0,0,0,0,164,0,0,0,0,30,0,0,0,0,0,0,0,0,0,0,0,0,0,0,0,0,22,0,0,0,0,0,0,0,0,11,0,0,0,0,0,0,0,0,0,0,0,0,30,0,0,0,0,0,0,0,0,0,0,0,0,0,0,0,0,5,0,16,0,15,0,0,0,0,0,0,0,0,0,96,0,0
"C5",4885,3767,33,3,0,0,248,93,21,352,62,401,84,0,146,0,0,56,0,77,70,30,0,16,0,94,0,0,739,0,0,62,100,0,0,0,0,0,28,0,0,0,0,0,0,0,0,0,0,0,0,17,0,0,0,0,0,30,0,0,0,145,0,0,0,0,0,0,94,0,0,0,0,0,0,19,0,0,0,0,0,0,0,0,0,0,0,0,0,0,8,0,17,0,0,0,0,0,0,0,0,0,0,0,0,0,0,0,0,0,26,0,0,0,0,0,0,0,0,0,0,0,0,0,0,0,0,0,0,0,0,0,0,0,0,0,0,0,0,0,0,0,0,0,4,0,0,0,0,0,0,20,0,0,0,0,0,0,0,0,0,0,0,0,54,0,0,0,0,0,0,0,0,0,0,0,0,0,0,0,0,0,0,0,0,0,0,0,0,0,0,0,0,0,0,0,0,0,0,0,0,0,0,0,0,0,0
"C6",2356,840,7337,3,0,0,47,0,25,0,7,0,15,0,14,63,0,15,6,5,20,0,0,0,9,0,0,0,841,0,0,0,15,0,0,0,0,0,0,0,72,0,0,0,0,13,0,0,0,0,0,21,0,9,3,0,0,0,0,0,0,25,0,0,0,0,21,0,9,0,0,0,0,0,0,0,0,0,0,0,0,0,0,0,0,0,0,0,0,0,0,0,0,0,0,0,0,0,0,0,0,0,0,0,0,0,0,9,0,0,0,0,0,0,0,0,0,6,0,0,0,0,0,0,0,0,8,0,0,0,0,3,0,0,0,3,0,0,0,0,0,0,0,9,0,0,0,2,0,0,0,0,0,0,0,0,0,0,16,0,0,0,0,0,0,0,0,0,0,0,0,0,0,0,0,0,9,0,0,0,0,0,0,0,0,0,2,0,0,0,0,0,0,0,0,0,0,0,0,0,0,0,12,0,0,0,0
"C7",5522,5028,24,6,0,0,142,0,0,34,13,0,0,162,121,103,0,0,0,2,113,20,0,0,26,0,0,1,0,0,0,0,0,0,0,0,0,0,0,0,0,0,0,0,0,0,0,0,0,0,0,8,0,0,0,29,0,0,0,0,0,0,0,0,0,0,51,0,0,0,0,0,35,0,0,0,26,0,0,0,0,0,0,0,0,0,0,0,0,0,0,0,15,0,0,0,0,0,0,0,0,0,0,0,0,0,0,5,0,0,0,0,0,0,0,0,0,0,0,0,0,0,0,0,0,0,0,0,0,0,0,0,0,7,0,0,0,0,0,0,0,0,0,0,0,0,0,0,0,0,0,0,0,0,0,0,0,0,0,0,0,0,0,0,0,0,0,0,0,0,0,0,13,0,0,0,28,0,0,0,0,0,0,0,0,0,0,0,0,0,0,0,0,0,0,0,46,0,49,0,0,0,0,0,0,0,0
"C8",4404,4136,1130,0,0,0,134,45,0,627,54,0,0,0,62,0,0,9,240,8,37,105,0,0,0,33,0,0,0,0,0,23,0,0,131,0,0,0,78,0,0,0,0,0,0,0,0,0,0,0,0,12,0,0,0,0,18,34,0,0,0,0,0,0,0,0,0,0,0,0,0,0,16,0,0,0,0,0,0,0,0,0,0,0,0,0,0,0,0,0,0,0,0,0,0,0,0,0,0,0,0,9,0,0,0,0,0,0,0,0,0,0,0,0,0,35,0,0,0,0,0,0,15,0,0,0,0,0,0,0,0,0,81,0,0,0,0,0,0,0,0,0,0,0,0,0,0,0,0,0,0,0,0,0,0,0,0,0,0,0,0,0,0,0,0,0,0,0,0,0,0,0,0,0,0,0,10,25,0,0,0,0,0,0,0,0,0,0,0,0,0,0,0,0,0,0,0,0,0,0,0,0,0,0,0,0,0
"C9",2511,1588,6432,9,0,0,127,196,352,15,11,17,0,71,31,66,0,0,36,12,33,12,0,0,12,0,0,0,0,0,0,0,0,60,0,0,0,0,0,0,0,13,0,0,0,0,0,0,0,0,0,6,0,0,0,0,17,9,0,0,14,0,0,0,0,0,0,0,0,0,0,0,0,0,0,0,0,0,0,0,0,15,0,0,0,0,0,0,0,0,0,0,7,0,0,0,0,0,0,0,0,0,0,0,0,0,0,0,0,0,0,0,0,0,0,0,0,0,0,0,0,0,0,0,0,0,0,0,4,0,0,0,1,0,0,16,0,0,0,0,0,0,0,0,0,0,0,0,0,0,0,0,6,0,0,0,0,0,0,0,0,0,9,0,0,0,0,0,0,0,3,0,3,0,0,0,0,0,0,0,0,0,0,0,0,0,0,0,0,0,0,0,0,0,0,0,0,0,0,0,0,0,0,0,0,12,0
"D1",2904,4371,597,7,0,0,355,51,4,55,0,0,0,0,60,0,0,0,0,26,77,0,0,980,0,33,0,1,0,0,0,24,0,0,12,0,0,0,0,0,0,0,0,0,0,0,0,73,0,91,10,0,240,0,9,39,0,0,0,0,0,63,0,0,309,0,0,5,0,0,0,0,0,0,0,0,31,0,0,140,0,0,0,11,0,0,0,0,0,18,0,0,119,0,0,0,0,0,0,0,0,0,0,0,0,0,0,10,0,0,0,89,6,0,0,0,0,0,30,0,0,25,15,0,0,0,23,98,0,0,0,0,0,0,0,0,38,0,0,0,0,0,0,0,6,0,0,0,0,18,0,0,13,0,0,0,0,0,0,0,30,0,0,0,0,0,0,30,0,0,0,25,0,0,0,0,0,0,0,0,0,0,0,29,0,0,0,0,0,0,0,0,0,0,11,0,0,0,0,0,0,0,0,0,0,0,0
"D10",5404,2239,2826,26,0,0,278,0,0,0,13,0,0,146,69,0,0,0,0,28,82,0,4,0,0,14,0,0,0,13,0,0,0,5,0,0,0,0,0,0,0,0,0,10,0,15,0,0,0,0,0,0,0,0,0,9,0,0,0,0,0,0,0,0,0,0,0,28,0,17,0,0,0,2,0,0,0,0,0,0,0,0,0,0,0,0,0,2,0,14,0,0,0,0,0,0,0,0,0,0,0,0,0,0,0,0,0,0,0,0,0,0,0,0,0,8,0,0,0,0,0,0,1,0,0,0,0,0,0,0,15,0,0,0,0,0,0,0,0,0,4,0,0,18,0,0,0,0,0,0,0,0,0,0,0,0,0,0,0,0,0,0,0,4,0,0,0,0,0,0,0,0,0,0,0,0,0,0,0,0,0,0,0,0,0,0,0,0,0,0,0,0,0,0,0,0,0,0,0,0,0,0,0,0,0,0,0
"D11",5390,3268,1017,0,0,23,64,57,59,117,0,0,170,156,105,138,0,0,0,39,67,52,0,0,0,0,0,12,0,0,0,25,0,0,0,0,0,0,52,0,0,0,0,0,42,73,0,0,0,0,82,13,0,96,0,10,0,0,6,0,0,0,0,13,0,0,0,0,0,0,0,0,39,0,0,3,0,0,0,0,0,0,0,0,0,0,0,0,0,0,0,0,0,18,0,0,0,0,0,0,0,0,62,0,0,0,0,0,32,0,52,0,0,0,0,0,0,0,0,33,0,0,0,0,0,0,0,0,0,0,0,0,0,0,0,0,0,5,0,0,0,0,0,0,30,0,0,0,0,0,0,0,0,13,0,0,0,0,0,32,0,0,0,0,0,0,0,0,0,0,0,0,0,0,0,0,0,0,0,0,0,0,0,0,0,0,0,0,13,0,0,0,0,0,18,0,0,40,0,0,0,0,0,0,0,0,0
"D12",0,4701,182,0,4897,34,549,55,23,5,129,0,76,0,122,0,0,214,0,0,86,0,0,0,33,0,0,0,0,160,0,0,10,0,14,0,0,0,42,0,0,0,0,0,45,0,0,0,0,0,25,0,0,0,0,0,0,36,24,0,0,0,0,34,0,0,0,0,43,0,0,0,0,0,0,0,0,0,42,0,39,65,0,0,0,0,0,0,0,0,0,0,0,35,0,20,0,0,0,0,2,0,0,0,0,0,0,0,0,0,0,0,0,0,0,0,0,0,0,0,0,0,0,0,0,0,0,0,0,0,0,0,0,0,0,0,0,0,0,0,0,0,0,0,12,0,0,0,0,0,0,0,0,0,0,0,38,0,0,0,0,0,0,0,0,0,0,0,0,0,0,0,0,0,0,0,0,0,0,0,0,0,0,0,0,0,0,0,0,0,0,0,0,0,0,0,0,0,0,0,0,0,0,0,0,0,0
"D3",5415,3127,96,40,0,0,220,37,802,28,18,68,0,0,87,180,0,0,0,0,23,20,0,0,423,24,0,0,0,0,0,0,32,0,0,0,0,0,60,48,182,0,96,0,0,0,0,0,0,0,0,11,0,0,36,0,0,0,0,0,0,0,0,0,0,0,41,0,0,0,0,0,0,22,0,0,10,0,0,0,0,56,0,0,0,23,0,0,0,0,0,0,0,0,0,0,0,0,0,0,0,0,0,0,0,0,0,0,0,0,7,0,0,0,0,0,0,0,0,0,0,0,8,0,0,0,0,0,0,0,0,0,24,0,0,0,0,0,0,0,0,0,0,0,0,0,0,25,0,0,0,0,0,0,0,0,0,0,0,37,0,0,0,24,0,0,0,0,0,0,0,0,0,0,0,0,8,0,0,0,0,0,0,0,0,0,8,10,0,0,0,0,0,0,0,0,6,0,0,0,0,0,0,0,0,0,0
"D5",3540,3554,2184,0,0,0,293,41,0,130,49,516,37,0,67,158,0,37,0,95,35,167,0,0,0,60,0,11,0,0,0,39,0,0,0,0,0,0,11,0,0,0,0,0,10,0,0,0,0,0,0,0,0,0,0,0,0,19,0,0,0,88,0,0,0,0,33,0,0,0,0,0,0,0,0,0,0,0,11,0,0,51,0,0,0,0,0,0,0,0,0,0,0,0,0,0,178,0,0,0,0,0,0,0,0,0,0,0,0,0,0,0,0,0,0,17,0,0,0,0,0,0,0,0,0,0,0,0,0,0,0,0,70,0,0,0,0,0,0,0,0,0,0,0,0,0,0,0,0,0,0,0,0,0,0,0,0,0,0,18,34,0,0,0,31,0,0,0,0,0,0,0,0,32,0,0,0,0,0,0,0,0,0,0,0,0,0,0,0,0,0,0,10,0,0,0,0,0,0,0,0,0,0,0,0,25,0
"D6",3018,2146,36,0,0,0,130,35,60,24,2308,0,0,85,27,0,0,0,2042,14,23,29,0,0,0,0,0,0,0,0,0,0,0,15,69,0,0,0,0,0,0,0,16,0,0,0,0,0,0,0,0,0,0,0,0,0,0,0,0,0,31,0,0,0,0,0,0,0,0,0,8,0,0,0,0,0,0,0,0,0,0,3,0,0,0,0,23,0,0,0,0,0,0,0,0,0,9,69,0,0,334,0,0,0,0,0,0,0,0,0,0,0,0,0,0,0,0,0,6,0,0,0,0,0,0,0,12,0,0,0,0,196,0,0,0,3,0,0,0,0,0,0,0,0,0,0,0,0,0,0,0,0,0,0,0,0,0,0,0,0,0,0,0,0,0,0,0,0,0,0,0,0,12,0,0,0,0,0,0,0,0,0,0,0,0,0,0,0,17,0,9,22,0,0,0,0,14,0,0,31,0,0,0,0,0,0,0
"D7",4073,4969,4,0,0,0,45,1703,0,88,0,0,0,0,20,0,0,0,0,0,71,0,0,0,0,0,583,0,0,0,0,0,0,53,31,0,0,0,0,0,0,0,0,0,0,0,0,0,0,157,0,0,0,0,0,0,0,0,0,0,0,0,0,0,0,0,0,0,0,0,0,0,0,0,0,0,0,0,0,0,0,0,0,0,0,101,0,0,0,0,0,0,0,0,0,3,0,0,0,0,0,0,0,0,0,0,0,0,0,0,0,0,12,38,0,0,0,0,0,0,0,0,0,0,0,0,0,0,0,0,0,0,0,0,0,0,0,0,0,0,0,0,0,0,0,0,0,0,0,0,0,0,0,0,0,0,0,0,0,0,0,0,0,0,0,0,0,0,0,0,0,0,0,0,0,0,0,0,0,0,0,0,0,0,0,0,0,0,0,0,0,0,0,22,0,0,0,0,0,0,0,0,0,0,0,0,0
"D8",5215,4045,0,0,0,0,423,131,0,34,0,58,18,36,126,209,0,10,0,114,0,48,0,0,0,32,0,0,0,0,0,46,0,55,0,0,0,0,493,0,0,0,0,0,0,0,0,86,0,94,0,0,0,0,0,18,0,0,0,0,0,0,0,0,0,0,0,0,0,0,22,0,0,0,0,0,0,0,0,0,4,0,0,0,0,0,25,0,0,0,0,0,0,0,9,6,12,0,56,0,0,0,0,0,0,0,0,17,0,0,88,0,0,0,0,21,0,0,0,0,0,0,0,0,0,0,0,0,0,0,0,0,0,18,0,0,0,0,0,0,0,0,0,0,2,0,0,0,0,0,0,0,0,0,0,0,0,0,59,0,0,54,0,0,0,0,0,0,0,0,0,0,0,27,22,52,0,34,0,0,0,0,0,0,4,0,0,0,0,0,0,0,10,0,0,0,0,0,0,0,0,0,0,0,0,0,0
"D9",5904,2892,302,3,0,4,812,30,98,0,0,0,0,172,17,74,0,0,0,28,36,104,0,0,267,0,0,0,0,0,0,0,0,0,0,0,0,0,17,0,0,0,137,0,0,0,0,0,0,0,0,48,0,0,0,18,0,0,0,0,0,0,0,0,0,0,0,0,0,0,0,0,0,59,241,0,20,0,0,0,0,0,0,0,0,0,0,0,0,0,0,45,9,0,0,0,0,25,0,0,0,0,7,0,0,0,0,7,0,0,0,0,0,7,0,0,0,11,0,0,0,0,0,0,0,0,0,0,0,0,0,0,0,0,0,0,0,0,0,0,0,0,0,22,0,0,0,0,0,0,0,0,0,0,0,0,0,0,0,0,0,0,0,0,0,0,0,0,0,47,0,0,0,0,0,0,0,0,0,0,0,0,0,0,0,0,0,0,0,0,0,0,0,0,0,0,0,0,7,0,0,0,0,0,0,0,0
"E1",4153,3143,58,12,0,4,197,26,0,33,0,0,0,0,99,0,0,0,0,0,30,15,0,357,0,0,0,0,0,0,0,66,0,24,7,0,471,0,0,0,126,0,0,0,0,0,649,0,0,0,78,0,92,0,0,0,0,0,0,0,0,26,0,0,109,188,0,0,0,0,0,46,0,0,0,0,15,0,0,32,0,0,0,0,0,0,0,0,0,0,101,0,0,0,0,15,0,0,0,0,0,0,0,10,0,151,0,0,0,0,0,0,0,0,0,0,0,0,0,35,0,0,0,0,5,0,15,13,0,0,0,0,0,0,0,0,0,0,100,0,0,0,145,0,0,0,0,0,0,0,0,0,0,0,0,0,0,143,0,0,0,0,0,0,0,0,0,0,0,0,0,52,0,0,0,0,0,0,0,0,0,0,0,30,0,0,6,0,0,0,0,0,0,0,0,0,0,0,0,0,0,0,0,0,0,0,0
"E10",1981,1764,2173,4761,0,12,170,0,18,0,0,0,108,45,42,0,0,84,0,64,18,0,0,0,0,0,0,4,0,99,0,0,0,15,8,0,0,0,1,0,0,0,0,0,38,28,0,0,0,0,29,0,0,0,0,0,0,0,0,40,0,0,0,16,0,0,0,0,5,8,22,0,0,4,0,0,0,0,16,0,0,0,85,0,0,0,11,0,21,31,0,0,0,5,0,0,0,0,0,0,0,0,0,0,0,0,0,0,0,0,0,0,0,0,0,0,0,0,0,0,0,7,0,0,0,0,0,0,0,0,0,0,0,0,0,6,0,0,0,0,27,0,0,0,0,0,0,0,0,0,0,0,0,19,0,0,0,0,0,0,0,0,0,0,0,0,0,0,0,0,0,0,0,0,2,0,0,0,0,0,0,0,0,0,0,0,0,0,0,0,0,0,0,0,0,0,0,0,0,0,0,0,0,0,0,0,0
"E11",3729,779,4232,4,0,1587,40,0,104,24,4,0,17,0,31,0,234,16,0,0,24,6,157,0,0,0,0,5,0,8,0,0,3,0,41,0,57,0,11,248,88,1,0,0,7,25,0,0,0,0,3,6,0,0,0,0,0,0,3,0,0,0,0,0,0,0,0,0,0,0,0,28,3,0,0,0,6,0,0,0,0,0,0,0,0,0,3,5,4,0,0,0,5,0,0,0,0,0,0,0,0,0,23,0,0,0,0,0,4,0,16,0,0,7,0,0,0,1,0,16,0,9,7,0,0,0,0,0,0,0,0,0,0,0,0,0,0,0,0,0,0,0,0,0,11,0,0,0,0,0,0,0,0,0,0,0,0,0,0,0,0,0,0,0,0,0,0,0,0,0,0,0,10,0,0,0,0,0,0,0,0,0,0,0,0,0,0,0,0,0,0,0,0,0,0,0,0,22,0,0,0,0,0,0,0,0,0
"E12",2216,1868,628,4,0,4395,104,8,48,4,12,3,152,0,50,0,801,55,0,21,27,40,942,0,0,18,0,16,0,23,0,16,18,0,10,0,0,0,5,0,0,0,0,0,21,0,0,0,0,0,0,2,0,0,0,39,0,0,0,0,0,0,0,18,0,0,0,0,0,41,0,0,0,22,0,0,10,0,0,0,0,0,0,0,0,0,42,0,0,0,0,0,0,18,0,0,0,0,0,0,0,0,0,0,0,0,0,0,0,0,0,0,0,7,0,0,0,0,0,0,0,0,0,0,0,0,0,0,0,0,0,0,0,0,0,0,0,0,0,0,0,0,0,0,0,0,0,0,0,0,0,0,0,0,0,0,0,0,0,0,0,0,0,0,0,0,0,0,0,0,0,0,0,0,0,0,0,0,0,0,0,0,0,11,0,0,0,0,0,0,0,0,10,0,8,0,0,0,0,0,0,0,0,0,0,0,0
"E2",3667,4537,341,8,0,0,174,183,4,72,53,0,0,0,0,108,0,0,0,57,59,71,0,53,255,0,94,0,0,0,0,39,213,0,0,0,12,0,136,21,0,0,41,0,0,0,0,234,0,0,0,41,0,0,0,0,0,0,0,0,0,0,0,0,0,0,18,26,0,0,9,0,0,0,0,0,0,0,0,0,0,0,0,0,0,0,54,0,0,46,0,0,0,0,204,16,0,0,0,0,0,0,0,32,0,0,0,0,36,0,0,0,0,0,0,0,0,0,0,39,0,0,0,0,0,90,0,9,0,0,0,0,0,0,0,4,0,0,0,0,0,0,0,0,0,0,0,22,0,0,0,0,0,0,0,0,0,0,0,0,9,0,0,0,0,0,0,0,0,0,0,0,0,0,0,0,0,20,0,0,0,0,0,0,17,0,0,0,0,0,0,0,0,0,15,0,0,0,0,45,0,0,0,0,0,26,0
"E3",1371,2620,1560,58,0,0,101,48,332,1431,8,40,0,0,29,1136,0,0,0,61,8,0,0,0,0,14,0,0,0,0,19,0,0,0,0,0,0,0,27,0,0,568,0,0,0,0,0,0,0,0,0,96,0,308,0,11,0,305,0,0,0,0,0,0,0,0,0,0,0,0,0,0,6,0,0,0,0,0,0,0,0,0,0,0,0,0,8,0,0,0,0,0,0,0,0,0,0,0,0,0,0,251,0,0,0,0,0,10,0,0,22,0,45,0,0,0,0,0,0,20,0,0,0,0,0,0,0,0,0,0,0,0,0,0,0,0,0,19,0,0,0,185,0,0,43,0,0,0,0,0,0,0,0,157,0,0,0,0,0,0,24,0,0,0,0,0,0,0,0,0,0,0,0,12,0,0,0,0,0,0,144,0,0,0,0,0,0,13,0,0,0,0,0,0,0,0,0,0,0,0,0,0,104,0,0,0,0
"E4",3363,2514,250,2228,0,0,85,408,0,12,0,0,0,0,48,48,0,18,0,48,22,24,0,0,0,0,238,0,0,0,723,25,20,0,0,0,0,0,29,0,0,369,0,0,0,0,0,0,0,0,52,5,0,220,0,0,0,14,0,0,0,0,0,0,0,0,0,0,0,0,0,0,0,0,0,0,0,0,0,0,0,0,0,0,0,49,0,0,0,0,0,0,14,0,29,0,0,0,0,0,0,6,0,0,7,0,0,0,0,0,0,0,0,0,0,0,124,0,0,0,0,0,0,0,0,0,0,0,0,0,0,0,0,0,0,13,0,0,0,0,0,0,0,0,0,21,0,20,0,0,90,0,0,0,0,0,0,11,0,0,0,0,0,0,0,66,85,0,0,0,0,0,0,0,0,0,0,0,0,0,0,0,0,0,0,0,0,0,0,84,0,0,0,0,13,0,0,0,0,0,0,0,0,0,0,0,0
"E5",650,849,9649,4,0,0,18,47,7,42,46,75,19,23,20,0,0,8,87,36,0,63,0,0,0,20,0,6,0,2,0,0,7,0,0,0,0,0,53,0,0,0,0,0,0,0,0,0,0,0,0,0,0,0,0,5,0,2,0,0,0,11,0,0,0,0,0,0,4,0,0,0,0,0,0,0,6,0,0,0,0,0,0,0,0,0,3,0,0,0,0,0,0,0,0,13,2,0,0,0,0,0,0,0,0,0,0,0,0,0,0,0,12,0,0,10,0,0,0,0,0,0,0,0,0,0,0,0,0,0,0,0,0,8,0,0,0,0,0,0,0,0,0,0,0,0,0,0,0,0,0,0,0,0,0,0,0,0,0,0,0,0,0,0,0,0,0,0,0,0,0,0,0,0,0,0,0,22,0,3,0,0,0,0,0,0,0,0,0,0,0,0,0,0,14,0,0,0,0,0,0,0,0,0,0,0,0
"E6",4217,1080,5136,0,0,6,25,31,384,23,35,23,20,47,30,16,0,126,151,0,17,62,0,0,0,4,0,0,0,0,0,9,49,0,0,0,0,0,4,0,0,0,51,0,0,0,0,0,0,0,0,0,0,0,23,0,0,0,0,0,44,0,0,0,0,0,0,0,0,0,3,0,20,0,0,0,0,0,0,0,0,0,6,0,0,0,12,0,0,0,0,4,0,0,0,0,0,0,0,0,0,0,0,0,0,0,3,0,0,0,0,0,0,0,0,0,0,0,0,0,0,0,0,0,0,0,0,0,0,0,0,0,0,0,0,0,0,0,0,0,0,0,0,0,0,14,0,0,0,0,0,0,0,0,0,0,0,0,0,41,0,0,0,0,4,0,0,0,59,0,2,0,0,0,0,0,0,10,0,0,0,0,0,0,0,0,0,0,0,0,0,0,0,0,0,0,0,0,0,0,0,0,0,0,0,0,0
"E7",6479,4217,19,4,0,0,311,33,6,91,0,0,0,0,97,0,0,0,0,0,20,35,0,0,0,20,0,0,0,0,0,0,0,0,54,0,0,0,32,0,0,0,0,0,0,0,0,0,0,156,0,0,0,0,0,0,0,0,0,0,0,0,0,0,0,0,23,0,0,0,0,0,0,0,0,0,13,0,0,0,0,0,0,0,0,0,0,0,0,0,0,0,0,0,0,0,21,0,0,0,0,0,0,0,0,0,0,0,0,0,0,0,0,0,0,0,0,0,0,0,0,0,0,0,0,0,0,0,0,0,0,0,0,0,0,0,0,0,0,0,0,0,0,0,0,0,0,0,0,0,0,13,0,0,0,0,0,0,0,0,0,0,0,0,0,0,0,0,0,0,0,0,0,0,0,0,0,0,0,0,0,0,0,0,0,0,0,0,0,0,0,0,0,23,0,0,0,0,0,0,0,0,0,0,0,0,0
"E9",6490,1937,2431,7,0,3,72,4,297,46,24,0,11,57,105,0,0,0,9,2,12,24,0,0,0,12,0,0,0,0,0,19,0,0,64,0,0,0,5,0,0,0,0,200,0,0,0,0,0,0,0,9,0,0,0,17,13,0,0,0,0,0,0,0,0,0,0,0,0,0,0,0,0,0,16,0,17,0,0,0,0,0,0,5,0,0,0,0,0,0,0,0,0,0,0,15,16,0,0,0,0,0,0,0,0,0,0,0,7,0,0,0,0,0,0,0,0,0,0,0,0,0,5,0,0,0,0,0,0,0,0,0,0,0,0,0,0,0,0,0,0,0,0,0,0,0,0,0,0,0,0,0,0,0,0,0,0,0,0,0,0,0,0,0,0,0,0,0,0,0,0,0,0,0,0,0,0,0,0,0,0,0,0,0,0,0,0,0,0,0,0,0,0,0,0,0,0,0,0,0,0,0,0,0,0,0,0
"F1",3603,5527,659,29,0,63,199,0,38,540,0,0,0,151,137,47,0,0,0,24,26,0,0,52,0,33,0,0,0,0,0,0,0,0,0,0,0,0,0,0,0,0,32,0,0,105,0,0,0,0,27,23,52,0,0,0,0,0,0,0,0,0,0,0,0,0,0,0,0,0,0,0,0,0,0,0,0,0,0,0,0,0,0,0,0,0,0,0,0,0,0,0,0,0,0,21,0,0,0,0,0,0,36,74,0,0,0,0,0,0,0,34,0,0,0,0,0,0,0,0,0,0,0,0,0,0,0,0,0,0,0,0,0,0,0,0,0,0,0,0,0,0,0,0,0,0,0,0,0,0,0,0,0,0,0,0,0,0,0,0,21,0,0,0,28,0,0,0,0,0,0,0,0,0,0,0,0,0,0,0,0,0,0,33,0,0,0,0,0,0,0,0,0,0,0,0,0,0,0,0,0,0,0,0,0,0,0
"F10",4598,1194,494,4925,0,0,48,0,5,11,15,0,0,119,54,0,0,24,0,15,15,19,0,0,1,6,0,0,0,42,0,0,0,0,1,0,0,0,0,2,0,0,0,0,0,0,0,0,0,0,0,7,0,0,9,11,0,0,7,15,0,0,0,6,0,0,9,13,0,0,0,0,0,0,0,0,8,0,5,0,0,0,33,0,0,0,0,0,0,7,0,0,0,7,0,0,0,0,0,0,0,0,0,0,0,0,0,0,0,1,0,0,14,4,0,0,0,3,0,0,0,0,0,0,0,0,0,0,0,0,0,0,0,0,0,0,0,0,0,0,0,0,0,0,0,0,0,0,0,0,0,0,0,0,0,0,0,0,0,0,0,0,0,0,0,0,0,0,7,0,0,0,13,0,0,0,0,0,0,0,0,0,0,0,0,0,0,3,0,0,0,0,0,0,0,0,0,0,0,0,0,0,0,0,0,0,0
"F11",2240,526,1264,1400,0,3574,19,29,43,23,1,0,44,62,11,41,1456,25,2,11,3,13,777,0,0,0,0,6,0,27,0,7,6,0,0,0,0,0,19,0,0,0,0,0,8,18,0,0,0,0,0,8,0,5,0,0,10,0,13,6,0,0,0,6,0,0,0,0,0,0,0,0,0,0,0,0,0,0,4,0,0,0,2,0,0,0,16,0,0,0,0,0,0,1,0,0,0,1,0,2,0,0,36,0,0,0,0,0,0,0,7,0,14,0,0,0,0,0,9,12,0,0,0,0,0,0,0,0,0,0,0,0,0,0,0,0,0,0,0,0,0,0,0,0,16,0,0,0,0,0,0,9,0,0,0,0,0,0,0,0,0,0,0,0,0,0,0,0,0,0,0,0,0,0,0,0,13,1,0,0,0,0,0,0,2,0,0,0,0,0,0,0,0,0,0,0,0,5,0,0,0,0,0,0,0,0,0
"F12",3790,1433,4704,8,0,24,106,47,295,9,8,13,498,108,13,0,0,61,0,39,28,0,18,0,0,14,0,1,0,81,1,0,19,0,14,0,0,0,0,0,0,0,8,0,33,0,0,0,0,0,0,0,0,0,0,16,0,0,27,49,0,3,0,34,0,0,5,0,0,68,2,0,0,50,0,0,0,0,39,0,0,0,9,0,0,0,0,0,39,0,0,0,0,15,0,0,0,0,0,0,0,0,0,0,0,0,0,0,0,0,0,0,0,0,0,0,0,0,0,0,0,0,0,4,0,0,0,0,0,0,0,0,0,0,0,0,0,8,0,0,30,0,0,0,0,0,0,0,0,0,0,0,0,0,0,0,37,0,0,0,0,0,0,0,0,0,0,0,0,0,0,0,0,0,0,0,0,0,0,0,0,0,0,0,0,0,0,0,0,0,0,0,0,0,0,0,8,0,0,0,0,0,0,0,0,0,0
"F2",0,4888,9,14,2045,5,484,137,4,111,0,6,0,0,0,0,0,0,0,32,93,91,0,55,613,25,87,0,0,0,0,41,176,37,91,0,182,0,36,182,31,0,50,0,0,0,61,45,0,0,8,8,43,0,0,0,0,14,0,0,0,0,0,0,0,74,108,0,0,0,14,73,0,0,0,0,0,0,0,0,169,0,0,0,0,0,0,0,0,0,0,0,0,0,0,0,0,0,0,0,0,0,5,8,0,0,0,61,0,0,0,0,32,0,0,2,0,13,0,5,0,0,0,155,66,29,0,0,0,22,0,0,0,19,0,4,0,0,0,0,0,0,0,21,0,0,0,0,0,17,0,33,100,0,0,77,0,0,25,0,0,0,0,0,0,0,0,22,0,0,0,0,0,0,0,0,0,0,34,0,0,0,0,0,14,0,0,0,0,0,0,0,0,0,0,0,0,0,0,0,0,0,0,0,0,0,0
"F3",4498,3350,16,0,0,0,53,29,2,77,53,1500,0,154,66,57,0,0,0,112,26,65,0,0,0,77,0,16,0,0,0,22,0,0,0,0,0,0,0,13,0,0,31,0,0,0,0,0,0,0,0,0,0,0,25,0,0,8,0,0,71,0,0,0,0,0,0,0,0,0,0,0,62,0,0,0,0,0,0,0,0,0,0,0,0,0,21,0,0,22,0,0,0,0,0,7,0,0,0,0,0,8,0,0,0,0,0,8,0,0,0,0,0,0,0,22,0,14,0,0,41,0,0,0,0,0,0,0,0,0,0,0,0,11,0,0,0,0,0,0,0,0,0,0,0,0,0,0,0,0,0,0,7,0,0,0,0,0,0,0,0,0,0,0,24,0,0,0,0,0,0,0,0,0,91,0,14,0,0,0,0,0,0,0,0,0,0,0,0,0,33,21,33,0,0,0,8,0,0,0,0,0,0,0,0,0,0
"F4",3171,1472,38,5043,0,0,95,28,0,0,0,2,0,0,24,38,0,0,0,31,6,24,0,0,0,20,0,0,0,0,656,9,17,14,0,0,0,0,24,0,0,250,0,0,0,0,0,0,0,0,26,4,0,150,0,10,0,0,0,0,0,0,0,0,0,0,1,0,0,0,0,0,33,0,0,0,0,0,0,0,0,0,0,0,0,0,0,0,0,0,0,0,0,0,23,0,7,0,0,0,0,0,0,0,0,0,0,12,9,0,0,0,0,0,0,0,118,0,0,0,0,0,0,0,0,6,0,0,0,0,0,0,0,18,0,0,0,0,0,0,0,0,0,0,0,0,13,0,0,0,66,0,0,0,0,0,0,0,0,0,24,0,0,0,0,73,70,0,0,0,0,0,0,0,0,0,20,0,0,0,0,0,0,0,0,0,0,0,0,32,0,0,0,0,0,0,0,0,0,0,0,0,0,0,0,0,0
"F5",3682,2488,3520,3,0,0,80,77,39,69,22,375,33,0,69,43,0,145,12,248,42,24,0,0,0,100,0,0,0,0,0,0,87,0,0,0,0,0,24,0,56,0,0,0,0,0,0,0,0,0,13,13,0,0,0,38,0,40,0,0,0,150,0,0,0,0,0,0,118,0,0,0,0,0,0,0,10,0,25,0,0,0,0,0,0,0,0,0,0,0,0,0,0,0,0,0,11,0,0,0,0,0,0,0,0,0,3,0,0,0,0,0,0,0,0,0,0,0,0,0,16,6,0,0,0,0,0,0,0,0,0,0,0,0,0,0,2,0,0,0,0,0,0,0,0,0,0,0,0,0,0,0,0,0,0,0,0,0,0,0,0,0,0,0,0,0,0,0,0,34,0,0,0,13,0,0,0,0,0,0,1,0,0,0,0,0,0,0,0,0,0,0,0,0,0,0,0,0,0,0,0,24,0,0,0,0,37
"F6",6392,3247,83,7,0,22,109,61,0,441,0,58,71,0,97,145,0,627,0,48,28,27,0,0,0,23,0,0,0,0,0,0,27,0,0,0,0,0,0,0,0,0,0,0,41,0,0,0,0,0,20,36,0,0,0,0,0,52,0,0,0,0,0,0,0,0,0,0,0,0,0,0,0,0,0,0,7,0,0,0,0,0,0,0,18,0,0,0,0,0,0,0,0,0,0,0,0,0,0,0,0,0,0,0,0,0,0,0,0,0,0,0,0,0,0,0,0,18,0,0,0,21,0,0,0,0,0,0,0,0,0,0,0,9,0,0,0,0,0,0,0,0,0,0,0,0,0,0,0,0,0,0,0,0,0,0,0,0,0,0,0,0,0,0,0,0,0,0,0,0,0,0,0,0,0,0,0,14,0,0,0,0,0,0,0,0,0,0,0,0,0,7,0,0,0,0,0,0,0,0,0,0,0,0,0,0,0
"F7",6410,4049,4,9,0,0,439,53,8,136,0,0,0,0,146,0,0,13,0,3,60,74,0,0,0,0,0,16,0,0,0,8,0,0,31,0,0,0,0,0,53,0,0,0,0,0,0,0,0,105,0,0,0,0,0,0,0,0,0,0,0,0,0,0,0,0,0,0,0,0,0,0,0,0,0,0,16,0,0,0,0,0,0,0,0,0,15,0,0,0,0,0,0,0,0,0,0,0,0,0,0,0,0,0,0,0,0,19,0,0,0,0,0,0,0,0,0,0,0,0,0,0,34,0,0,0,0,0,0,0,0,0,0,0,0,26,0,0,0,0,0,0,0,0,0,0,0,0,0,0,0,0,0,0,0,0,0,0,0,0,0,0,0,0,0,0,0,0,0,0,0,0,0,0,0,0,0,0,0,0,0,0,0,0,0,0,0,24,0,0,0,0,0,17,0,0,0,0,0,0,0,0,0,0,18,0,0
"F8",6142,4328,12,3,0,0,229,35,0,0,0,0,0,0,80,0,0,0,0,84,67,0,0,0,0,0,0,12,0,0,0,0,0,32,0,0,0,0,14,0,0,0,80,0,0,0,0,0,0,0,0,36,0,0,0,0,0,0,0,0,99,0,0,0,0,0,19,0,0,0,57,0,0,0,33,0,39,0,0,0,0,0,0,0,0,0,0,0,0,30,0,0,0,0,0,0,0,0,96,0,0,0,0,0,0,0,0,0,0,0,0,0,0,0,0,0,0,5,0,0,70,0,0,0,14,0,0,0,20,0,0,0,0,0,0,0,0,0,0,0,0,0,0,0,24,0,0,0,0,0,0,0,0,0,0,0,0,0,0,0,0,0,0,0,0,0,0,0,0,0,0,0,0,0,0,0,0,0,0,0,0,0,0,0,0,0,0,0,0,0,0,0,0,0,0,0,0,0,0,0,0,0,0,0,0,0,0
"G1",3671,3307,103,838,0,0,80,0,33,68,17,206,0,0,47,57,0,0,0,35,39,48,0,100,0,42,0,1394,0,0,0,8,0,0,0,0,0,0,0,0,0,0,0,0,0,0,0,0,0,0,9,62,0,0,0,10,0,5,0,0,0,0,0,0,0,0,0,13,0,0,0,0,0,0,0,0,23,0,0,0,0,0,0,367,0,3,8,0,0,0,0,238,0,0,0,16,0,0,0,0,0,0,0,0,0,0,0,0,0,0,15,0,0,0,0,8,0,0,0,0,0,0,0,0,0,0,0,0,0,0,0,0,0,0,173,0,3,0,0,0,0,0,0,0,0,0,0,0,0,0,0,0,0,0,39,0,0,0,0,0,0,0,0,0,0,0,0,0,0,0,0,0,0,0,0,0,0,0,0,0,0,0,0,0,7,0,0,0,0,0,0,0,0,0,0,106,0,0,0,0,0,0,0,0,0,0,0
"G10",4052,1080,3889,2494,0,0,26,13,129,0,3,0,0,119,57,3,0,0,0,0,10,0,0,0,0,8,0,4,0,0,0,0,0,0,0,0,0,0,0,0,0,0,0,9,0,0,0,0,0,0,0,0,0,0,0,0,0,0,0,0,0,0,0,0,0,2,0,0,0,0,0,0,2,2,0,0,3,0,0,0,0,0,0,0,0,0,0,0,0,0,0,0,0,0,0,0,0,0,0,0,0,0,0,0,0,0,0,0,0,0,0,0,0,0,0,0,0,0,0,0,0,0,8,0,0,0,0,0,0,0,0,0,0,0,0,0,0,0,0,0,0,0,0,7,0,0,0,0,0,0,0,0,0,0,0,0,0,0,0,0,0,0,0,0,0,0,0,0,0,0,7,0,0,0,0,0,0,0,5,0,0,0,0,0,0,0,0,0,0,0,0,0,0,0,0,2,0,0,0,0,0,0,0,0,0,0,0
"G11",4601,1750,4615,0,0,152,58,31,37,38,17,45,14,111,43,21,0,61,0,49,70,0,0,0,0,19,0,0,0,30,0,0,14,8,0,0,0,0,10,0,0,0,0,0,0,0,0,0,0,0,11,10,0,0,0,0,0,0,0,0,0,0,0,0,0,0,0,0,0,0,0,0,0,0,0,0,0,0,0,0,0,0,0,0,0,0,0,0,0,0,0,0,0,0,0,0,0,0,0,0,0,0,0,0,0,0,0,0,0,0,0,0,5,0,0,0,0,0,0,0,4,0,6,0,0,0,0,0,0,0,0,0,0,0,0,0,1,0,0,0,0,0,0,0,0,0,0,0,0,0,0,0,0,0,0,0,0,0,0,16,0,0,0,7,0,0,0,0,0,0,0,0,0,0,0,0,0,0,0,0,0,0,0,0,0,0,0,0,0,0,0,0,0,0,0,0,0,0,0,0,0,0,0,0,0,0,0
"G12",7286,1892,402,0,0,38,101,119,0,7,91,34,365,27,30,34,0,42,18,68,15,11,17,0,0,16,0,9,0,31,0,0,0,51,0,0,0,0,6,0,0,0,8,0,61,45,0,0,0,0,22,0,0,0,0,74,5,0,48,83,0,0,0,10,0,0,0,0,30,87,0,0,26,9,0,13,0,0,14,0,9,0,0,0,0,0,0,16,13,28,0,0,0,37,0,6,0,0,0,0,0,0,0,0,0,0,0,0,16,0,0,0,0,6,0,5,0,0,0,8,0,8,0,0,0,0,0,10,0,0,17,0,12,0,0,0,0,0,0,0,0,0,0,0,4,0,34,0,0,0,0,0,0,0,0,0,3,0,0,0,0,0,0,46,0,0,0,0,0,0,0,0,0,10,0,0,0,0,0,0,0,0,0,0,0,0,1,0,21,0,0,0,0,0,0,0,0,0,0,0,0,0,0,0,0,0,0
"G2",4834,1970,753,2096,0,0,43,38,154,0,0,0,0,0,0,36,0,0,0,62,62,29,0,0,32,0,34,0,0,0,0,33,10,0,0,0,122,0,13,275,0,0,24,0,0,0,43,0,0,0,21,0,0,0,0,0,0,0,0,0,0,0,0,0,0,51,0,66,0,0,0,77,0,0,0,0,0,0,0,17,0,0,0,0,137,0,0,0,0,0,0,0,0,0,0,6,0,0,0,0,0,0,0,0,62,14,0,0,0,0,0,0,0,0,102,17,0,0,0,0,0,0,0,0,26,2,0,0,0,0,60,0,0,0,0,5,0,0,15,75,0,0,0,0,0,0,0,19,0,0,0,0,0,0,68,0,0,0,26,0,0,6,0,0,0,0,0,0,0,0,0,0,0,0,0,0,0,0,0,0,0,0,0,0,10,0,0,0,0,0,0,0,0,0,0,0,0,0,0,0,0,0,0,0,0,7,0
"G3",4775,2300,3511,4,0,20,38,0,0,59,0,316,0,119,26,24,0,0,0,3,0,37,0,0,0,0,0,10,0,0,0,5,0,0,0,0,0,0,8,0,0,0,0,0,0,28,0,0,0,0,0,8,0,0,0,10,0,0,0,0,0,0,0,0,0,0,0,0,0,0,0,0,0,0,0,0,33,0,0,0,0,0,0,0,0,0,0,0,0,0,0,0,0,0,36,9,0,0,0,0,0,0,0,0,0,0,0,0,12,0,0,0,21,0,0,0,0,0,0,13,31,0,0,0,0,0,0,0,0,0,0,0,0,32,0,0,0,0,0,0,0,0,0,0,0,0,0,0,0,0,0,0,0,0,0,0,0,0,0,0,0,0,0,0,0,0,0,0,0,0,0,0,0,0,0,0,11,8,0,0,0,0,0,0,0,0,0,32,0,0,0,0,0,0,0,0,0,0,0,0,0,0,0,0,0,0,0
"G4",2906,1794,182,6375,0,0,133,11,0,0,0,6,0,0,53,1,0,0,0,28,12,0,0,0,0,10,0,31,0,0,0,35,7,0,0,0,0,0,0,0,0,12,0,0,0,0,0,0,0,0,19,0,0,12,0,0,0,0,0,0,0,0,0,0,0,0,0,0,0,0,12,0,0,0,0,0,0,0,0,0,0,0,0,0,8,0,0,0,0,0,0,0,15,0,26,11,0,0,0,0,0,0,0,0,0,0,0,0,0,0,0,0,0,8,0,0,0,0,0,0,0,0,0,0,0,0,0,0,0,0,0,0,0,0,0,0,1,0,0,0,0,0,0,0,0,0,0,0,0,0,0,0,0,0,0,0,0,0,0,0,12,0,0,0,0,0,0,0,0,0,0,0,0,0,0,0,0,0,0,0,0,0,0,0,10,0,0,0,0,0,0,0,0,0,0,0,0,0,0,0,0,0,0,0,0,0,0
"G5",3569,3466,2707,2,0,0,183,111,25,11,126,0,0,0,82,0,0,0,24,0,57,0,0,0,0,21,0,11,0,0,0,0,0,47,0,0,0,0,0,0,0,0,16,0,0,71,0,0,0,0,0,0,0,0,0,0,0,0,0,0,50,0,0,0,0,0,0,0,0,0,0,0,0,0,0,0,0,0,0,0,0,0,0,0,0,0,0,0,0,10,0,11,0,0,0,0,0,0,0,0,0,0,0,0,0,0,4,0,0,0,0,0,0,0,0,0,0,0,0,0,8,0,0,0,0,0,0,0,0,0,0,0,0,0,0,0,0,37,0,0,0,0,0,0,0,0,45,0,143,0,0,0,0,0,0,0,0,0,0,0,0,0,0,0,0,0,0,0,0,31,0,0,0,0,0,0,0,0,0,34,0,90,0,0,15,6,0,0,0,0,0,0,0,0,0,0,0,0,0,0,0,42,0,0,0,0,0
"G6",4787,2152,4135,5,0,0,74,0,2,66,7,0,8,56,25,93,0,156,16,0,14,47,0,0,0,14,0,21,0,0,0,0,12,19,0,0,0,0,24,0,0,0,6,0,19,0,0,0,0,0,0,0,0,0,0,6,0,0,0,0,0,7,0,0,0,0,0,0,0,0,0,0,0,0,0,0,0,0,0,0,0,0,0,0,0,0,15,0,0,0,0,0,0,13,0,0,0,0,0,0,0,0,0,0,0,0,0,0,0,0,0,0,0,0,0,0,0,0,0,29,0,0,6,0,0,0,0,0,0,0,0,0,0,5,0,0,0,0,0,0,14,0,0,0,0,0,0,0,0,0,0,0,0,0,0,0,0,0,0,0,0,0,0,0,0,0,0,0,0,0,0,0,0,0,0,0,0,0,0,0,0,0,0,14,5,0,0,0,0,0,0,0,0,0,0,0,0,0,0,0,0,0,0,74,0,0,0
"G7",0,2278,801,2008,4476,0,68,39,150,5,0,0,0,0,5,0,0,0,0,56,48,20,0,0,36,0,44,1,0,0,0,21,0,6,39,0,123,0,21,177,0,0,36,0,0,0,44,0,0,86,32,0,0,0,0,4,0,0,0,0,0,0,0,0,0,70,0,91,0,0,1,102,0,0,0,0,11,0,0,3,0,0,0,0,128,0,0,0,0,0,0,0,0,0,0,15,0,0,0,0,0,0,0,0,40,17,0,0,0,0,0,0,0,0,75,0,0,0,0,0,0,0,0,0,62,0,0,0,0,0,44,0,0,0,0,4,0,0,22,82,0,0,0,0,0,0,0,0,0,0,0,0,0,0,47,0,0,0,30,0,0,24,0,7,0,0,0,0,23,0,0,0,0,0,0,0,0,0,0,0,0,0,0,0,0,0,0,0,0,0,0,0,0,0,0,0,0,0,0,0,0,0,0,0,0,11,0
"G8",5501,3272,6,5,0,0,756,113,59,65,11,30,0,0,154,33,0,42,0,103,0,0,0,0,0,95,0,0,0,0,0,0,0,23,0,0,0,0,13,8,0,0,18,0,0,0,0,251,0,0,37,0,0,0,0,0,0,0,0,0,0,0,0,0,0,0,0,0,0,0,96,0,0,0,0,0,0,0,0,0,0,0,0,0,0,0,0,0,0,0,0,0,18,0,0,21,0,0,236,0,0,0,0,0,0,0,0,0,0,0,7,0,0,0,0,0,0,0,0,0,0,0,0,0,0,0,0,0,206,0,0,0,0,0,0,0,0,0,0,0,0,0,0,0,0,0,0,0,0,0,0,0,0,0,0,0,0,0,0,0,0,41,0,0,0,0,0,0,0,0,0,0,0,0,0,153,0,0,0,0,0,0,0,0,0,0,0,14,0,0,0,0,0,0,0,0,0,15,18,0,88,0,0,0,0,0,0
"G9",9875,1376,45,15,0,0,72,0,81,9,33,0,0,159,58,0,0,0,29,7,19,10,0,0,0,9,0,0,0,0,0,0,0,0,29,1,0,0,5,0,0,0,0,0,0,0,0,0,0,0,0,0,0,0,0,0,15,0,0,17,0,0,0,0,0,0,0,0,0,0,0,0,0,0,0,0,15,0,0,0,0,0,0,0,0,0,0,0,0,4,0,0,0,0,0,0,0,0,0,0,0,0,0,0,0,0,0,0,0,0,0,0,0,0,0,5,0,1,0,0,0,0,0,0,0,0,0,0,0,0,0,0,0,0,0,0,0,0,0,0,0,0,0,0,2,0,0,0,0,0,0,0,0,0,0,0,0,0,0,14,0,0,0,0,0,0,0,0,0,0,0,0,0,0,0,0,0,0,0,0,0,0,0,0,0,0,0,7,9,0,0,0,0,7,0,0,0,0,0,0,0,0,0,0,0,0,0
"H1",3277,1758,201,4276,0,0,107,0,445,32,5,452,0,84,99,19,0,0,0,14,35,44,0,40,0,48,0,69,0,0,0,0,0,0,0,0,0,0,0,0,0,0,41,0,0,17,0,6,0,0,6,18,0,0,37,7,0,0,0,0,0,0,0,0,47,0,0,0,0,0,0,0,0,0,0,0,13,0,0,0,0,0,0,0,0,0,0,0,0,0,0,0,0,0,0,0,0,0,0,0,0,0,0,0,0,0,0,0,0,0,0,0,0,0,0,0,0,8,0,0,0,0,0,0,0,0,24,11,0,0,0,0,0,0,0,0,0,0,0,0,0,0,0,0,0,0,0,0,0,0,0,0,0,0,0,0,0,0,0,0,0,0,0,3,13,0,0,0,0,0,5,0,0,10,0,0,0,0,0,0,0,0,0,0,0,0,0,0,0,0,0,0,0,0,0,0,0,0,0,0,0,0,0,0,0,0,0
"H10",6597,3809,104,11,0,0,103,24,0,64,6,0,0,184,94,46,0,6,0,0,53,5,0,0,0,3,0,17,0,0,0,0,0,0,0,0,0,0,0,0,0,0,39,139,0,0,0,0,0,0,0,0,0,0,111,0,0,0,0,0,0,46,0,0,0,0,0,0,0,0,0,0,0,87,0,0,0,0,0,0,0,0,0,0,0,0,0,0,0,67,0,0,0,0,0,0,15,0,0,0,0,0,0,0,0,0,0,0,0,0,0,0,0,0,0,0,0,0,0,0,0,0,34,0,0,0,0,0,0,0,0,0,0,0,0,0,0,0,0,0,0,0,0,16,0,0,0,0,0,0,0,0,0,0,0,0,0,0,0,0,0,0,0,0,0,0,0,0,0,0,0,0,0,0,0,0,0,0,0,0,0,0,0,0,0,0,14,0,0,0,0,0,0,0,8,0,0,0,0,0,0,0,0,0,0,0,0
"H11",4109,1489,635,60,0,504,23,146,142,129,39,154,679,102,46,84,356,676,0,56,29,21,0,0,27,141,0,8,0,373,0,0,53,29,0,0,0,0,0,0,0,0,0,0,128,37,0,0,0,0,0,14,0,12,0,14,12,16,127,99,0,4,0,102,0,0,10,0,18,8,0,0,0,0,0,4,0,364,80,0,8,7,0,0,0,0,0,21,76,0,0,0,18,33,0,0,2,5,0,0,0,0,0,0,0,0,0,0,0,0,0,0,0,7,0,0,0,0,0,0,0,7,2,0,0,0,0,0,0,0,0,0,0,0,0,0,0,0,0,0,33,0,0,0,0,0,0,29,0,0,0,0,0,0,0,0,24,0,0,19,0,0,0,24,0,0,0,0,0,0,13,0,18,0,0,0,0,0,0,0,0,0,0,0,0,0,13,0,0,0,0,0,0,0,0,0,0,0,0,0,0,0,0,0,0,0,0
"H12",2709,1238,719,0,0,0,58,45,6,111,2478,26,82,0,47,0,0,99,690,50,23,0,0,0,0,62,0,0,0,70,0,0,0,0,32,0,0,0,0,0,0,0,98,0,0,0,0,0,0,0,17,0,0,0,453,9,56,0,30,0,303,0,0,24,0,0,0,0,0,7,0,0,0,0,0,0,0,0,0,0,0,0,8,0,0,0,0,232,0,0,0,0,5,0,0,10,15,26,0,0,0,0,0,9,0,0,201,0,0,224,0,0,3,0,0,0,0,0,158,0,0,0,4,0,0,0,30,0,0,0,0,14,0,3,0,0,0,5,0,0,0,0,0,0,0,135,0,10,14,0,0,0,0,0,0,0,13,0,0,2,0,0,0,0,0,0,0,0,27,0,0,0,0,0,0,0,0,0,0,63,0,18,0,0,0,111,0,0,11,0,0,0,0,0,0,0,0,0,0,0,0,0,0,0,0,0,0
"H2",4314,1120,6005,4,0,0,15,40,0,70,0,0,0,137,0,22,0,0,0,53,0,8,0,19,16,0,6,0,0,0,0,6,0,0,0,0,0,0,0,0,0,0,0,0,0,0,0,5,0,0,19,0,0,0,0,0,0,0,0,0,0,0,0,0,0,0,0,14,0,0,4,0,0,0,0,0,5,0,0,0,0,0,0,0,0,0,7,0,0,0,0,0,0,0,0,0,0,0,0,0,0,0,0,0,0,0,0,0,0,0,0,0,0,0,0,0,0,0,2,0,0,0,4,0,0,5,0,0,0,0,0,0,0,0,0,0,0,0,0,0,0,0,0,0,0,0,0,0,0,0,0,13,0,0,0,0,0,0,0,0,0,0,0,0,0,0,0,0,0,0,0,0,0,0,0,0,0,0,0,0,0,0,0,0,0,0,0,0,0,0,0,0,0,0,2,0,0,0,0,0,0,0,0,0,0,0,0
"H3",8232,2145,54,0,0,0,164,16,0,84,0,265,0,234,65,0,0,0,0,19,2,23,0,0,0,126,0,11,0,0,0,0,18,0,35,0,0,0,3,0,0,0,0,0,0,0,0,0,0,0,0,6,0,0,0,46,0,0,0,0,0,0,0,0,0,0,0,0,0,0,0,0,0,0,0,0,20,0,0,0,0,0,0,0,0,0,3,0,0,0,0,0,0,0,0,0,0,0,0,0,0,0,0,0,0,0,0,0,0,0,0,0,0,0,0,14,0,0,0,0,6,0,0,0,0,0,0,0,0,0,0,0,0,0,0,0,0,0,0,0,0,0,0,8,14,0,0,0,0,0,0,0,0,0,0,0,0,0,0,0,0,0,0,0,0,0,0,0,0,0,0,0,0,0,0,0,0,0,0,0,0,0,0,0,11,0,0,0,0,0,0,0,0,0,0,0,0,0,0,0,0,0,0,0,0,0,0
"H6",4663,2860,2667,0,0,0,210,0,25,164,33,255,0,0,42,138,0,34,0,25,24,47,0,0,0,60,0,30,0,0,0,40,0,0,0,0,0,0,36,0,0,0,0,0,25,0,0,0,0,0,0,74,17,0,0,0,0,0,0,0,0,0,0,0,0,0,0,0,0,0,0,0,17,0,0,0,7,0,0,0,0,0,0,0,0,0,13,0,0,0,0,0,0,0,0,6,0,0,0,0,0,0,0,0,0,0,0,0,79,0,0,0,0,0,0,0,0,0,0,0,0,0,0,0,0,0,0,0,0,0,0,0,0,19,0,0,0,0,0,0,0,0,0,0,14,0,0,0,0,0,0,0,0,0,0,0,0,0,0,0,0,0,0,0,19,0,0,0,0,0,0,0,0,0,0,0,0,0,0,0,0,0,0,0,0,0,0,0,0,0,0,0,0,31,15,0,0,0,0,0,0,0,0,52,0,0,0
"H7",9231,1624,0,1,0,0,150,28,29,108,46,0,0,0,58,0,0,0,0,7,22,0,0,0,0,6,0,0,0,0,0,0,0,0,9,0,0,0,0,0,61,0,0,0,0,0,0,0,0,127,0,18,0,0,0,2,0,0,0,0,0,0,0,0,0,0,20,0,0,0,17,0,4,0,0,0,0,0,0,0,0,0,0,0,0,0,0,0,0,0,0,0,0,0,0,0,0,0,0,0,0,0,0,0,0,0,0,4,0,0,0,0,9,0,0,0,0,0,0,0,0,0,8,0,0,0,0,0,0,0,0,0,0,0,0,0,18,0,0,0,0,0,0,0,0,0,0,7,0,0,0,0,0,0,0,0,0,0,0,0,0,0,0,0,0,0,0,0,0,0,0,0,0,0,21,0,0,0,0,0,0,0,0,0,0,0,0,0,0,0,55,48,0,0,0,0,0,0,0,0,0,0,0,0,0,0,0
"H8",0,4606,35,0,5313,0,374,0,0,50,73,0,0,0,117,0,0,0,0,69,63,22,0,0,0,40,0,72,0,0,0,0,0,0,27,0,56,0,28,15,0,0,0,0,0,47,0,134,0,0,22,0,0,0,0,0,0,0,0,0,0,0,0,0,0,0,34,0,0,0,95,6,0,0,0,0,0,0,0,0,0,37,0,0,0,0,0,0,0,0,0,0,60,0,0,0,0,0,26,0,0,0,0,0,0,33,0,0,0,0,0,0,0,0,0,0,0,0,0,0,0,0,0,0,0,0,0,0,38,0,0,0,0,0,0,0,0,0,0,0,0,0,0,0,18,0,0,0,0,0,0,0,0,0,0,0,0,0,0,0,0,84,0,0,0,0,0,0,0,0,0,0,0,0,0,0,0,0,0,0,0,0,0,0,0,0,0,0,0,0,0,0,0,0,0,12,0,0,0,0,0,0,0,0,0,0,0
"H9",5043,3704,2223,10,0,21,62,154,0,0,33,1,6,0,85,2,0,2,26,28,23,0,0,0,0,20,0,0,0,44,0,0,0,58,0,0,0,0,0,0,166,0,0,0,14,0,0,0,0,0,0,0,0,0,0,0,0,0,0,0,0,0,0,0,0,0,0,0,0,26,0,0,0,0,0,0,15,0,0,0,0,0,0,0,0,0,0,0,0,0,0,0,0,0,0,0,28,0,0,0,0,9,0,0,0,0,0,0,0,0,0,0,0,0,0,0,0,0,0,0,0,0,0,0,0,0,0,0,0,0,0,0,0,0,0,0,0,0,0,0,0,0,0,0,0,0,0,0,0,0,0,0,0,0,0,0,0,0,0,0,0,0,0,0,0,0,0,0,0,0,0,0,25,0,0,0,0,0,0,0,0,0,0,0,0,0,0,0,0,0,0,0,0,0,0,0,0,0,10,0,0,0,0,0,0,0,0
