,island,direction,in_off,site,site_zone,sq1,sq2,sq3,sq4,sq5,sq6,sq7,sq8,sq9,sq10,sq11,sq12,sq13,sq14,sq15,sq16,sq17,sq18,sq19,sq20,sq21,sq22,sq23,sq24,sq25,sq26,sq27,sq28,sq29,sq30,sq31,sq32,sq33,sq34,sq35,sq36,sq37,sq38,sq39,sq40,sq41,sq42,sq43,sq44,sq45,sq46,sq47,sq48,sq49,sq50,sq51,sq52,sq53,sq54,sq55,sq56,sq57,sq58,sq59,sq60,sq61,sq62,sq63,sq64,sq65,sq66,sq67,sq68,sq69,sq70,sq71,sq72,sq73,sq74,sq75,sq76,sq77,sq78,sq79,sq80,sq81,sq82,sq83,sq84,sq85,sq86,sq87,sq88,sq89,sq90,sq91,sq92,sq93,sq94,sq95,sq96,sq97,sq98,sq99,sq100,sq101,sq102,sq103,sq104,sq105,sq106,sq107,sq108,sq109,sq110,sq111,sq112,sq113,sq114,sq115,sq116,sq117,sq118
101,Moorea,NW,Inner,MNW,MNWI,2407,670,291,511,219,0,0,138,0,142,85,49,0,51,0,0,0,53,0,46,14,70,40,0,1,14,0,0,45,0,0,0,0,0,0,0,0,0,0,0,0,0,0,0,0,0,0,0,0,0,0,0,0,0,0,0,0,0,0,0,0,0,0,0,0,0,0,0,0,0,0,0,0,0,0,0,0,0,0,0,0,0,0,0,0,0,0,0,0,0,0,0,0,0,0,0,0,0,0,0,0,2,0,0,0,0,0,0,0,0,0,0,0,0,0,0,0,0
113,Moorea,NW,Outer,MNW,MNWO,1713,504,338,281,178,61,0,50,167,0,59,33,0,0,0,0,0,0,0,0,15,0,0,0,0,25,0,0,0,0,0,26,0,0,0,0,0,0,0,0,0,0,0,0,0,0,0,0,0,0,0,0,0,0,0,0,0,0,0,0,0,0,0,0,0,0,0,0,0,0,0,0,0,0,0,0,0,0,0,0,0,0,0,0,0,0,0,0,0,0,0,0,0,0,0,0,0,0,0,0,0,0,0,0,0,0,0,0,0,0,0,0,0,0,0,0,0,0
115,Moorea,NW,Outer,MNW,MNWO,1882,570,502,405,277,0,0,75,126,0,0,44,0,0,49,0,0,0,0,0,29,0,0,0,57,20,0,0,0,0,0,0,0,0,0,0,0,0,0,0,0,0,0,0,0,0,0,0,0,0,0,0,0,0,0,0,0,0,0,0,0,0,0,0,0,0,0,0,0,0,0,0,0,0,0,0,0,0,0,0,0,0,0,0,0,0,0,0,0,0,0,0,0,0,0,0,0,0,0,0,0,0,0,0,0,0,0,0,0,0,0,0,0,0,0,0,0,0
116,Moorea,NW,Outer,MNW,MNWO,594,567,791,188,0,1087,0,40,0,0,0,52,0,0,0,33,0,78,0,0,11,0,0,0,0,24,0,0,0,0,36,0,0,21,0,0,0,0,0,0,0,0,0,0,26,0,0,0,0,0,0,0,0,0,0,0,0,0,0,0,0,0,0,0,0,0,0,0,0,0,0,57,0,0,0,0,0,0,0,0,0,0,0,0,0,0,0,0,0,0,0,0,0,0,0,0,0,0,0,0,0,0,2,0,0,0,0,0,0,0,0,0,0,0,0,0,0,0
117,Moorea,NW,Outer,MNW,MNWO,666,242,299,228,93,0,0,0,0,0,0,0,0,0,37,0,0,0,0,0,23,0,0,0,0,0,0,0,0,0,0,0,0,0,0,0,0,0,0,0,0,0,0,0,0,0,0,0,0,0,0,0,0,0,0,0,0,0,0,0,0,0,0,0,0,0,0,0,0,0,0,0,0,0,0,0,0,0,0,0,0,0,0,0,0,0,0,0,0,0,0,0,0,0,0,0,0,0,0,0,0,0,0,0,0,0,0,0,0,0,0,0,0,0,0,0,0,0
130,Moorea,NW,Outer,MNW,MNWO,3374,746,800,541,526,0,0,147,150,0,114,74,0,73,97,66,0,61,0,38,45,0,46,0,0,34,0,0,0,0,0,0,0,20,35,63,0,0,40,0,0,0,0,0,0,0,36,0,0,55,0,0,0,0,0,0,0,0,0,0,0,0,0,0,0,0,0,0,0,0,0,0,0,0,0,0,0,0,0,0,0,0,0,0,0,0,0,0,0,0,0,0,0,0,0,0,0,0,0,0,0,0,0,0,0,0,0,0,0,0,0,0,0,0,0,0,0,0
157,Moorea,NW,Outer,MNW,MNWO,1067,247,171,311,93,0,0,0,0,79,0,0,0,0,0,0,0,0,0,0,4,0,0,0,26,0,0,0,31,0,0,0,0,0,0,0,0,0,0,0,0,0,0,0,0,0,0,0,0,0,0,0,0,0,0,0,0,0,0,0,0,0,0,0,0,0,0,0,0,0,0,0,0,0,0,0,0,0,0,0,0,0,0,0,0,0,0,0,0,0,0,0,0,0,0,0,0,0,0,0,0,0,0,0,0,0,0,0,0,0,0,0,0,0,0,0,0,0
158,Moorea,NW,Outer,MNW,MNWO,2072,631,647,449,295,0,0,103,90,0,62,62,0,0,0,0,0,0,0,0,50,0,0,0,30,0,0,0,0,0,0,0,0,0,0,0,0,0,36,0,0,0,0,0,0,0,0,0,0,0,0,0,0,0,0,0,0,0,0,0,0,0,0,0,0,0,0,0,0,0,0,0,0,0,0,0,0,0,0,0,0,0,0,0,0,0,0,0,0,0,0,0,0,0,0,0,0,0,0,0,0,0,0,0,0,0,0,0,0,0,0,0,0,0,0,0,0,0
159,Moorea,NW,Outer,MNW,MNWO,2704,665,493,409,211,0,0,72,329,0,105,42,0,54,74,0,0,0,0,0,21,0,0,0,48,0,0,51,0,0,0,0,0,0,48,0,0,0,0,0,0,0,0,0,0,0,0,0,0,0,0,0,0,0,0,0,0,0,0,0,0,0,0,0,0,0,0,0,0,0,0,0,0,0,0,0,0,0,0,0,0,0,0,0,0,0,0,0,0,0,0,0,0,0,0,0,0,0,0,0,0,0,0,0,0,0,0,0,0,0,0,0,0,0,0,0,0,0
172,Moorea,NW,Outer,MNW,MNWO,4689,562,398,694,469,0,0,190,0,370,100,45,0,118,38,0,0,0,0,84,20,99,70,0,45,36,0,0,81,0,0,30,0,13,0,0,0,0,0,0,0,0,0,0,0,0,0,0,0,0,0,0,0,0,0,0,0,0,0,0,0,0,0,0,0,0,0,0,0,0,0,0,0,40,0,0,0,0,0,0,0,0,0,0,0,0,0,0,0,0,0,0,0,0,0,0,0,0,0,0,0,0,0,0,0,0,0,0,0,0,0,0,0,0,0,0,0,0
173,Moorea,NW,Outer,MNW,MNWO,2403,431,389,326,232,0,0,99,249,0,67,23,0,0,48,0,0,0,0,0,22,0,0,0,45,0,0,0,0,0,0,0,0,0,0,0,0,0,0,0,0,0,0,0,0,0,0,0,0,0,0,0,0,0,0,0,0,0,0,0,0,0,0,0,0,8,0,0,0,0,0,0,0,0,0,0,0,0,0,0,11,0,0,0,0,0,0,0,0,0,0,0,4,0,0,0,0,0,0,0,0,0,0,0,0,0,0,0,0,0,0,0,0,0,0,0,0,0
174,Moorea,NW,Outer,MNW,MNWO,1402,582,292,291,235,0,0,47,78,0,0,23,0,0,0,0,0,0,0,0,22,0,0,0,22,0,0,0,0,0,0,0,0,0,0,0,0,0,0,0,0,0,0,0,0,0,0,0,0,0,0,0,0,0,0,0,0,0,0,0,0,0,0,0,0,0,0,0,0,0,0,0,0,0,0,0,0,0,0,0,0,0,0,0,0,0,0,0,0,0,0,0,0,0,0,0,0,0,0,0,0,0,0,0,0,0,0,0,0,0,0,0,0,0,0,0,0,0
175,Moorea,NW,Outer,MNW,MNWO,1859,863,249,279,210,0,0,69,190,0,47,52,0,45,38,0,0,0,0,27,16,0,0,0,39,51,0,41,0,0,0,0,0,0,0,0,0,0,37,0,0,0,0,0,0,0,35,69,0,0,0,0,0,0,0,0,0,0,0,0,0,0,0,0,0,0,0,0,0,0,0,0,0,0,0,0,0,0,0,0,0,0,0,0,0,0,0,0,0,0,0,0,0,4,0,0,0,0,0,0,0,0,0,0,0,0,0,0,0,0,0,0,0,0,0,0,0,0
177,Moorea,NW,Outer,MNW,MNWO,1388,987,489,411,183,0,600,56,0,0,0,48,0,0,47,49,0,66,0,0,12,0,0,0,0,28,0,0,0,0,0,34,0,8,0,0,0,46,47,0,0,0,0,0,0,0,0,0,0,0,0,0,0,0,0,0,0,0,0,0,0,0,0,0,0,0,0,0,0,0,0,0,0,0,0,0,0,0,0,0,0,0,0,0,0,0,0,0,0,0,0,0,0,0,0,0,0,0,0,0,0,0,0,2,0,0,0,0,0,0,0,0,0,0,0,0,0,0
178,Moorea,NW,Outer,MNW,MNWO,95,0,26,0,0,57,1732,0,0,0,0,0,0,0,0,0,0,0,0,0,0,0,0,0,0,0,0,0,0,0,0,0,0,0,0,0,0,92,0,0,0,0,0,0,0,0,0,0,0,0,0,0,0,0,0,0,0,0,0,0,0,0,25,0,0,0,0,0,0,0,0,0,0,0,0,0,0,0,0,0,0,0,0,0,0,0,0,0,0,0,0,0,0,0,0,0,0,0,0,0,0,0,0,0,0,0,0,0,0,0,0,0,0,0,0,0,0,0
179,Moorea,NW,Outer,MNW,MNWO,2654,619,505,483,239,0,0,75,357,0,72,38,0,0,37,54,0,84,0,0,25,0,0,0,0,30,0,0,0,0,0,0,0,11,0,0,42,0,35,0,0,0,0,0,0,0,0,0,0,0,0,0,0,0,0,0,0,0,0,0,0,0,0,0,0,0,0,0,0,0,0,0,0,0,0,0,0,0,0,0,0,0,0,0,0,0,0,0,0,0,0,0,0,0,0,0,0,0,0,0,0,0,0,0,0,0,0,0,0,0,0,0,0,0,0,0,0,0
180,Moorea,NW,Outer,MNW,MNWO,2944,634,713,545,445,0,0,104,340,0,96,26,0,57,105,84,0,48,0,0,43,0,0,0,1,24,0,0,0,0,0,0,0,0,0,0,0,0,0,0,0,0,0,0,0,0,0,0,0,0,0,0,0,0,0,0,0,0,0,0,0,0,0,0,0,0,0,0,0,0,0,0,0,0,0,0,0,0,0,0,0,0,0,0,0,0,0,0,0,0,0,0,0,0,0,0,0,0,0,0,0,0,0,0,0,0,0,0,0,0,0,0,0,0,0,0,0,0
276,Moorea,SE,Inner,MSE,MSEI,1314,351,157,329,118,0,0,63,0,81,0,20,0,0,0,0,0,0,0,0,8,34,39,0,30,0,0,0,29,0,0,0,0,0,0,0,0,0,0,0,0,0,0,0,0,0,0,0,0,0,0,0,0,0,0,0,0,0,0,0,0,0,0,0,0,0,0,0,0,0,0,0,0,0,0,0,0,0,0,0,0,0,0,0,0,0,0,0,0,0,0,0,0,0,0,0,0,0,0,0,0,0,0,0,0,0,0,0,0,0,0,0,0,0,0,0,0,0
297,Moorea,SE,Inner,MSE,MSEI,2466,375,279,331,240,0,0,78,180,0,0,27,0,55,40,0,0,0,0,35,19,0,0,0,36,0,0,49,0,0,0,0,0,0,0,0,0,0,0,0,0,0,0,0,0,0,0,0,0,0,0,0,0,0,0,0,0,0,0,0,0,0,0,0,0,0,0,0,0,0,0,0,0,0,0,0,0,0,0,0,0,0,0,0,0,0,0,0,0,0,0,0,0,0,0,0,0,0,0,0,0,0,0,0,0,0,0,0,0,0,0,0,0,0,0,0,0,0
300,Moorea,SE,Inner,MSE,MSEI,3607,457,249,632,303,0,0,210,0,231,81,0,0,63,0,0,0,0,0,69,13,172,64,0,20,0,0,0,54,0,0,0,0,7,0,0,0,0,0,0,0,0,64,43,0,0,0,0,0,0,0,0,0,0,0,0,0,0,0,0,0,0,0,0,0,0,0,0,0,0,0,0,0,0,0,0,0,0,0,7,0,0,0,0,0,0,2,0,0,0,0,0,0,0,0,0,0,0,0,0,0,0,0,0,0,0,0,0,0,0,0,0,0,0,0,0,0,0
301,Moorea,SE,Inner,MSE,MSEI,1787,415,208,431,160,0,0,90,0,110,52,31,0,0,0,0,0,0,0,0,12,53,0,0,26,0,0,0,23,0,0,17,0,8,0,0,0,0,0,0,0,0,0,0,0,0,0,0,0,0,0,0,0,0,0,0,0,0,0,0,0,0,0,0,0,0,0,0,0,0,0,0,0,0,0,0,0,0,0,0,0,0,0,0,0,0,0,0,0,0,0,0,0,0,0,0,0,0,0,0,0,0,0,0,0,0,0,0,0,0,0,0,0,0,0,0,0,0
303,Moorea,SE,Inner,MSE,MSEI,911,538,522,187,0,236,0,46,0,0,0,42,0,0,0,0,356,0,276,0,11,0,0,0,37,25,0,0,0,0,153,0,0,0,0,0,0,0,0,0,0,60,0,0,44,0,0,0,0,0,0,0,0,0,0,0,0,0,0,0,0,0,0,0,0,6,0,0,0,0,0,0,0,0,0,0,0,0,0,0,0,0,0,0,0,0,0,0,0,0,0,0,0,0,0,0,0,0,0,0,0,0,0,0,0,0,0,0,0,0,0,0,0,0,0,0,0,0
304,Moorea,SE,Inner,MSE,MSEI,2706,539,313,583,219,0,0,193,0,145,108,44,0,87,0,0,0,61,0,43,17,89,0,0,0,22,0,0,38,0,0,0,0,8,0,0,0,0,0,0,0,0,0,29,0,0,0,0,0,0,0,0,0,0,0,0,0,0,0,0,0,0,0,0,0,7,0,0,0,0,0,0,0,0,0,0,0,0,0,0,0,0,0,0,0,0,0,0,0,0,0,0,0,0,0,0,0,0,0,0,0,0,0,0,0,0,0,0,0,0,0,0,0,0,0,0,0,0
305,Moorea,SE,Inner,MSE,MSEI,1520,366,150,417,140,0,0,85,0,93,0,21,0,0,0,0,0,0,0,0,2,53,0,0,0,19,0,0,25,0,0,0,0,0,0,0,0,0,0,0,0,0,0,0,0,0,0,0,0,0,0,0,0,0,0,0,0,0,0,0,0,0,0,0,0,7,0,0,0,0,0,0,0,0,0,0,0,0,0,0,0,0,0,0,0,0,0,0,0,0,0,0,0,0,0,0,0,0,0,0,0,0,0,0,0,0,0,0,0,0,0,0,0,0,0,0,0,0
307,Moorea,SE,Inner,MSE,MSEI,1509,345,140,328,99,0,0,72,0,62,0,31,0,0,0,0,0,0,0,0,9,0,0,0,0,0,0,0,0,0,0,0,0,0,0,0,0,0,0,0,0,0,0,0,0,0,0,0,0,0,0,0,0,0,0,0,0,0,0,0,0,0,0,0,0,4,0,0,0,0,0,0,0,0,0,0,0,0,0,0,0,0,0,0,0,0,0,0,0,0,0,0,0,0,0,0,0,0,0,0,0,0,0,0,0,0,0,0,0,0,0,0,0,0,0,0,0,0
308,Moorea,SE,Inner,MSE,MSEI,1926,319,139,281,176,0,0,83,0,116,50,19,0,41,0,0,0,0,0,33,3,70,0,0,0,0,0,0,28,0,0,0,0,0,0,0,0,0,0,0,0,0,0,0,0,0,0,0,0,0,0,0,0,0,0,0,0,0,0,0,0,0,0,0,0,2,0,0,0,0,0,0,0,0,0,0,0,0,0,0,0,0,0,0,0,0,0,0,0,0,0,0,0,0,0,0,0,0,0,0,0,0,0,0,0,0,0,0,0,0,0,0,0,0,0,0,0,0
310,Moorea,SE,Inner,MSE,MSEI,3143,334,294,652,281,0,0,177,0,202,109,0,0,50,0,0,0,0,0,67,7,85,67,0,42,0,0,0,56,0,0,0,0,0,0,0,0,0,0,0,0,0,72,0,0,0,0,0,0,0,0,0,0,0,0,0,0,0,0,0,0,0,0,0,0,0,0,0,0,0,0,0,0,0,0,0,0,0,0,6,0,0,0,0,0,0,0,0,0,0,0,0,0,0,0,0,0,0,0,0,0,0,0,0,2,0,0,0,0,0,0,0,0,0,0,0,0,0
311,Moorea,SE,Inner,MSE,MSEI,717,312,86,186,0,0,0,35,0,0,0,14,0,0,0,0,0,0,0,0,0,0,0,0,0,0,0,0,0,0,0,15,0,0,0,0,0,0,0,0,0,0,0,0,0,0,0,0,0,0,0,0,0,0,0,0,0,0,0,0,0,0,0,0,0,0,0,0,0,0,0,0,0,0,0,0,0,0,0,0,0,3,0,0,0,0,0,0,0,0,0,0,0,0,0,0,0,3,0,0,0,0,0,0,0,0,0,0,0,0,0,0,0,0,0,0,0,0
315,Moorea,SE,Inner,MSE,MSEI,1113,289,172,307,94,0,0,61,0,0,37,0,0,0,0,0,0,0,0,0,3,0,0,0,19,16,0,0,0,0,0,14,0,0,0,0,0,0,0,0,0,0,0,0,0,0,0,0,0,0,0,0,0,0,0,0,0,0,0,0,0,0,0,0,0,0,0,0,0,0,0,0,0,0,0,0,0,0,0,0,0,0,0,0,0,0,0,0,0,0,0,0,0,0,0,0,0,0,0,0,0,0,0,0,0,0,0,0,0,0,0,0,0,0,0,0,0,0
316,Moorea,SE,Inner,MSE,MSEI,3630,477,323,653,252,0,0,238,0,241,115,53,0,111,0,0,0,0,0,78,0,82,90,0,43,0,0,0,62,0,0,0,0,0,0,0,0,0,0,0,0,0,0,40,0,0,0,0,74,0,0,0,0,0,0,0,0,0,0,0,0,0,0,0,0,0,0,0,0,0,0,0,29,0,0,0,0,0,0,0,0,10,0,0,0,0,0,0,0,0,0,0,0,0,0,0,0,0,0,0,0,0,0,0,0,0,0,0,0,0,0,0,0,0,0,0,0,0
351,Moorea,SE,Inner,MSE,MSEI,1593,487,261,243,151,0,0,0,148,0,0,29,0,0,0,0,0,0,0,0,10,0,0,0,45,24,0,68,0,0,0,0,0,0,0,0,0,0,0,0,0,0,0,0,0,0,0,0,0,0,0,0,0,0,0,0,0,0,0,0,0,0,0,0,0,0,0,0,0,0,0,0,0,0,0,0,0,0,0,0,0,0,0,0,0,0,0,0,0,0,0,0,0,0,0,0,0,0,0,0,0,0,0,0,0,0,0,0,0,0,0,0,0,0,0,0,0,0
377,Moorea,SE,Inner,MSE,MSEI,2701,484,255,569,246,0,0,144,0,159,81,37,0,60,0,0,0,60,0,0,13,121,56,0,0,13,0,0,53,0,0,0,0,0,0,0,0,0,0,0,0,0,0,0,0,0,0,0,0,0,0,0,0,0,0,0,0,0,0,0,0,0,0,0,0,0,0,0,0,0,0,0,0,0,0,0,0,0,0,0,0,0,0,0,0,0,0,0,0,0,0,0,0,0,0,0,0,0,0,0,0,0,0,0,0,0,0,0,0,0,0,0,0,0,0,0,0,0
378,Moorea,SE,Inner,MSE,MSEI,1325,241,210,310,92,0,0,71,0,86,40,24,0,0,0,0,0,0,0,0,8,0,0,0,0,0,0,0,25,0,0,0,0,0,0,0,0,0,0,0,0,0,0,0,0,0,0,0,0,0,0,0,0,0,0,0,0,0,0,0,0,0,0,0,0,0,0,0,0,0,0,0,0,0,0,0,0,0,0,0,0,0,0,0,0,0,0,0,3,0,0,0,0,0,0,0,0,0,0,0,0,0,0,0,0,0,0,0,0,0,0,0,0,0,0,0,0,0
380,Tahiti,Airport,Inner,T,TI,0,0,0,0,0,0,2175,0,0,0,0,0,0,0,0,0,0,0,0,0,0,0,0,0,0,0,0,0,0,0,0,0,0,0,0,0,0,110,0,0,0,0,0,0,0,0,0,0,0,0,0,0,0,0,0,0,0,0,0,0,0,0,0,0,0,0,0,0,0,0,0,0,0,0,0,0,0,0,0,0,0,0,0,0,0,0,0,0,0,0,0,0,0,0,0,0,0,0,0,0,0,0,0,0,0,0,0,0,0,0,0,0,0,0,0,0,0,0
384,Tahiti,Airport,Outer,T,TO,1897,782,1044,464,238,0,0,137,0,0,69,46,358,85,73,120,0,61,0,68,59,0,56,79,0,23,111,0,0,0,0,32,0,19,0,0,37,0,0,0,237,0,0,0,0,0,0,0,0,0,0,0,0,0,0,0,40,0,0,0,0,0,0,0,0,6,0,0,0,0,40,0,0,0,0,0,0,0,0,0,0,0,0,0,16,0,0,0,0,0,0,0,0,0,0,0,0,0,0,0,0,0,0,0,0,2,0,0,0,0,0,0,0,0,0,0,0,0
386,Tahiti,Airport,Outer,T,TO,1043,392,634,397,137,0,0,87,0,0,0,34,215,0,39,75,0,0,0,0,22,0,0,0,26,20,0,0,0,0,0,14,0,0,0,0,0,0,0,0,0,0,0,0,0,0,0,0,0,0,0,0,0,0,0,0,0,0,0,0,0,0,0,0,0,0,0,0,0,0,19,0,0,0,0,0,0,0,0,0,0,0,0,0,0,0,0,0,0,0,0,0,0,0,0,0,0,0,0,0,0,0,0,0,0,0,0,0,0,0,0,0,0,0,0,1,1,0
389,Tahiti,Airport,Outer,T,TO,1122,610,765,152,0,1092,0,34,0,0,0,53,0,0,0,0,0,0,0,0,18,0,0,0,9,20,0,0,0,0,0,0,0,13,0,0,0,0,0,0,0,0,0,0,0,0,0,0,0,0,0,0,0,0,0,0,0,0,0,0,0,0,0,0,0,0,0,0,0,0,0,0,0,0,0,0,0,0,28,0,0,0,0,0,0,0,0,0,0,0,0,0,0,0,0,0,0,0,0,0,0,0,0,0,0,0,2,0,0,0,0,0,0,0,0,0,0,0
394,Tahiti,Airport,Outer,T,TO,1423,318,406,273,0,0,0,83,333,0,62,31,0,42,0,0,0,0,0,35,22,0,0,0,22,0,0,0,0,0,0,0,0,0,0,0,0,0,0,0,0,0,0,0,0,0,0,0,0,0,0,0,0,0,0,0,0,0,0,0,0,0,0,0,0,4,0,0,0,0,0,0,0,0,0,0,0,0,0,0,0,0,0,0,0,0,0,0,0,0,0,5,0,0,0,0,0,0,0,0,0,0,0,0,0,0,0,0,0,0,0,0,0,0,0,0,0,0
397,Tahiti,Airport,Outer,T,TO,2130,543,577,306,268,0,0,75,0,0,51,48,427,39,67,57,0,45,0,39,28,0,0,222,0,24,131,0,0,165,0,0,0,0,40,0,0,0,0,0,0,0,0,0,0,0,0,0,0,0,0,0,0,0,0,0,0,0,0,0,0,0,0,0,0,0,0,0,0,0,0,0,0,0,0,0,0,0,0,7,0,0,0,0,0,0,0,0,0,0,0,0,0,0,0,0,0,0,0,0,0,0,0,0,0,0,0,0,0,0,0,0,0,0,0,0,0,0
400,Tahiti,Airport,Outer,T,TO,1202,623,865,230,0,1055,334,55,0,0,0,44,0,0,0,0,129,0,117,0,9,0,0,0,36,21,0,0,0,0,66,0,0,11,0,0,0,0,0,0,0,0,0,0,25,0,0,0,0,0,0,0,0,0,0,0,0,0,0,0,0,0,0,0,0,0,0,0,0,0,0,0,0,0,0,0,0,0,0,0,0,0,0,0,0,0,0,0,0,0,0,0,0,0,0,0,0,0,0,0,0,0,0,0,0,0,0,0,0,0,0,0,0,0,0,0,0,0
402,Tahiti,Airport,Outer,T,TO,335,120,164,0,0,271,0,0,0,0,0,0,0,0,0,0,0,0,0,0,3,0,0,0,0,0,0,0,0,0,0,0,0,0,0,0,0,0,0,0,0,0,0,0,0,0,0,0,0,0,0,0,0,0,0,0,0,0,0,0,0,0,0,0,0,0,0,0,0,0,0,0,0,0,0,0,0,0,0,0,0,0,0,0,0,0,0,0,0,0,0,0,0,0,0,0,0,0,0,0,0,0,0,0,0,0,0,0,0,0,0,0,0,0,0,0,0,0
405,Tahiti,Airport,Outer,T,TO,853,716,432,264,119,0,0,73,0,0,0,47,110,0,0,0,0,71,0,0,17,0,0,84,0,20,78,0,0,83,0,0,0,0,0,0,0,0,0,0,0,0,0,0,0,0,0,0,0,0,0,0,0,0,0,0,0,0,0,0,0,0,0,0,0,0,0,0,0,0,0,0,0,0,0,0,0,0,0,0,0,0,0,0,0,0,0,0,0,0,0,0,0,0,0,0,0,0,3,0,0,0,0,0,0,0,0,0,0,0,0,0,0,0,0,0,0,0
408,Tahiti,Airport,Outer,T,TO,1755,514,1441,220,0,1601,0,81,0,0,0,47,0,51,87,62,0,0,0,35,36,0,0,0,35,23,0,0,0,0,0,26,0,23,0,0,0,0,0,77,171,0,0,0,0,67,0,0,0,0,0,0,0,0,0,0,0,47,24,0,0,0,0,0,0,0,0,0,0,0,0,0,0,0,0,0,0,0,0,0,11,0,0,0,0,0,0,0,0,0,0,0,0,0,0,0,0,0,0,0,0,0,0,0,0,0,0,0,0,0,0,0,0,0,0,0,0,0
409,Tahiti,Airport,Outer,T,TO,1730,936,576,306,229,0,0,112,0,0,59,69,348,51,49,64,0,72,0,47,23,0,46,191,0,36,128,0,0,130,0,0,0,18,41,0,0,0,0,0,0,0,0,0,0,0,0,36,0,0,35,0,0,0,0,0,0,0,0,0,0,0,0,0,0,0,0,0,0,0,0,0,0,0,0,0,0,0,0,0,0,0,0,0,0,0,0,0,0,0,0,0,0,0,4,0,0,0,0,0,0,0,0,0,0,0,0,0,0,0,0,0,0,0,0,0,0,0
414,Tahiti,Airport,Outer,T,TO,793,149,262,0,0,89,0,0,0,0,0,0,0,0,0,0,0,0,0,0,14,0,0,0,0,0,0,0,0,0,0,0,0,0,0,0,0,0,0,0,0,0,0,0,0,0,0,0,0,0,0,0,0,0,0,0,0,0,0,0,0,0,0,0,0,0,0,0,0,0,0,0,0,0,0,0,0,0,0,0,0,0,0,0,0,0,0,0,0,0,0,0,0,0,0,0,0,0,0,0,0,0,0,0,0,0,0,0,0,0,0,0,0,0,0,0,0,0
416,Tahiti,Airport,Outer,T,TO,1422,538,675,363,207,0,0,98,0,0,0,39,232,50,49,76,26,0,34,40,29,0,0,98,30,0,88,0,0,97,0,0,0,10,27,0,0,0,0,0,0,0,0,0,0,0,0,0,0,0,0,0,0,0,0,0,0,0,0,0,0,0,0,0,0,0,0,0,0,0,0,0,0,0,0,0,0,0,0,0,0,0,0,0,0,0,0,0,0,0,0,0,0,0,0,4,0,0,0,0,0,0,0,0,0,0,0,0,0,0,0,0,0,0,0,0,0,0
418,Tahiti,Airport,Outer,T,TO,3584,1023,693,527,411,0,0,128,292,0,89,63,0,68,72,72,0,62,0,39,24,0,0,0,0,28,0,67,0,35,0,52,0,15,31,0,0,0,0,0,0,0,0,0,0,0,0,0,0,0,44,0,0,0,0,0,0,0,0,0,0,0,0,0,0,0,0,0,0,0,0,0,0,0,0,0,0,0,0,0,0,0,0,0,0,0,0,0,0,0,0,0,0,0,0,0,0,0,0,0,0,0,0,0,0,0,0,0,0,0,0,0,0,0,0,0,0,0
421,Tahiti,Airport,Outer,T,TO,747,446,280,111,0,301,0,0,0,0,0,32,0,0,0,0,0,0,0,0,3,0,0,0,25,23,0,0,0,26,0,0,0,0,0,0,0,0,0,0,0,0,0,0,0,0,0,0,0,0,0,0,0,0,0,0,0,0,0,0,0,0,0,0,0,0,0,0,0,0,0,0,0,0,0,0,0,0,0,0,0,0,0,0,0,0,0,0,0,0,0,0,0,0,0,0,0,0,0,0,0,0,0,0,0,0,0,0,0,0,0,0,0,0,0,0,0,0
425,Tahiti,Airport,Outer,T,TO,1616,817,1026,416,216,96,0,118,0,0,73,57,182,53,67,111,32,0,43,56,48,0,0,117,41,19,141,0,0,121,0,21,0,24,0,0,0,0,0,0,0,0,0,0,0,0,0,0,0,0,0,0,0,0,0,0,0,0,0,0,0,0,0,0,0,0,0,0,0,0,0,0,0,0,0,0,0,0,0,0,0,0,0,0,0,0,0,11,0,7,0,0,0,0,0,0,0,0,0,0,0,0,0,0,0,0,0,0,0,0,0,0,0,0,0,0,0,0
427,Tahiti,Airport,Outer,T,TO,1317,688,254,200,146,0,0,40,0,0,0,42,314,0,45,0,0,56,0,0,15,0,0,144,0,20,103,0,0,94,0,0,0,13,0,0,0,0,0,0,0,0,0,0,0,0,0,0,0,0,0,0,0,0,0,0,0,0,0,0,0,0,0,0,0,0,0,0,0,0,0,0,0,0,0,0,0,0,0,0,0,0,0,0,0,0,0,0,0,0,0,0,0,0,0,0,0,0,0,0,0,0,0,0,0,0,0,0,0,0,0,0,0,0,0,0,0,0
453,Tahiti,Airport,Inner,T,TI,1453,554,640,281,192,0,0,84,0,0,47,67,254,0,51,67,0,0,0,39,28,0,0,119,32,15,149,0,0,78,0,24,0,12,0,0,0,0,0,0,0,0,0,0,0,0,0,0,0,0,0,0,0,0,0,0,0,0,0,0,0,0,0,0,0,0,0,0,0,0,0,0,0,0,0,0,0,0,0,0,0,0,0,0,0,0,0,0,0,0,0,0,0,0,0,0,0,0,0,0,0,0,0,0,0,0,0,0,0,0,0,0,0,0,0,0,0,0
455,Tahiti,Airport,Inner,T,TI,3221,954,925,461,434,0,0,164,0,0,67,61,484,76,77,123,0,63,0,39,30,0,58,369,1,27,350,0,0,251,0,42,0,0,0,0,0,0,0,0,0,0,0,0,0,0,0,0,0,0,0,0,0,0,0,0,0,0,0,0,0,0,0,0,0,0,0,0,0,0,0,0,0,0,0,0,0,0,0,0,0,0,0,0,0,0,0,0,0,0,0,0,0,0,0,0,0,0,0,0,0,0,0,0,0,0,0,0,0,0,0,0,0,0,0,0,0,0
505,Tahiti,Airport,Inner,T,TI,712,102,74,0,0,0,0,0,0,0,0,0,0,0,0,0,0,0,0,0,0,0,0,0,0,0,0,0,0,0,0,0,0,0,0,0,0,0,0,0,0,0,0,0,0,0,0,0,0,0,0,0,0,0,0,0,0,0,0,0,0,0,0,0,0,0,0,0,0,0,0,0,0,0,0,0,0,0,0,0,0,0,0,0,0,0,0,0,0,0,0,0,0,0,0,0,0,0,0,0,0,0,0,0,0,0,0,0,0,0,0,0,0,0,0,0,0,0
51,Moorea,NW,Inner,MNW,MNWI,4949,773,471,952,374,0,0,235,0,342,171,55,0,125,0,0,0,51,0,68,19,173,81,0,0,20,0,0,100,0,0,0,0,11,0,0,0,0,0,0,0,0,0,45,0,0,0,0,91,0,0,0,0,0,0,0,0,0,0,0,0,0,0,0,0,6,0,0,0,0,0,0,0,0,0,0,0,0,0,0,0,0,0,0,0,0,0,0,0,0,0,0,0,0,0,0,0,0,0,0,0,0,0,0,0,0,0,2,0,0,0,0,0,0,0,0,0,0
511,Tahiti,Airport,Inner,T,TI,6128,1115,638,502,607,0,0,182,523,0,125,75,0,77,76,58,0,104,0,54,26,0,53,0,0,44,0,162,0,0,0,42,0,0,50,0,44,0,51,47,0,0,0,0,0,0,36,0,0,0,0,0,0,0,0,0,0,0,0,0,0,0,0,0,0,0,0,0,0,0,0,0,0,0,0,0,0,0,0,0,0,0,0,0,0,0,5,0,0,0,0,0,0,0,0,0,0,0,0,0,0,0,0,0,0,0,0,0,2,0,0,0,0,0,0,0,0,0
513,Tahiti,Airport,Inner,T,TI,129,65,28,0,0,0,0,0,0,0,0,0,0,0,0,0,0,0,0,0,0,0,0,0,0,0,0,0,0,0,0,0,0,0,0,0,0,0,0,0,0,0,0,0,0,0,0,0,0,0,0,0,0,0,0,0,0,0,0,0,0,0,0,0,0,0,0,0,0,0,0,0,0,0,0,0,0,0,0,0,0,0,0,0,0,0,0,0,0,0,0,0,0,0,0,0,0,0,0,0,0,0,0,0,0,0,0,0,0,0,0,0,0,0,0,0,0,0
516,Tahiti,Airport,Inner,T,TI,2460,773,1599,296,0,2526,0,97,0,0,42,58,0,58,79,84,0,0,0,0,53,0,0,0,40,19,0,0,0,0,0,0,0,28,0,87,0,0,0,84,0,0,0,0,0,76,0,0,0,0,0,0,0,0,0,0,0,23,50,0,0,0,0,0,0,0,0,0,0,66,0,0,0,0,0,0,0,0,0,0,0,0,0,0,0,0,0,0,0,0,0,0,0,0,0,0,0,0,0,0,0,0,0,0,0,0,0,0,0,0,0,0,0,0,0,0,0,0
517,Tahiti,Airport,Inner,T,TI,2170,677,1052,581,287,0,4,177,0,0,68,40,276,71,87,131,0,0,0,0,63,0,82,162,44,24,103,0,0,83,0,0,0,25,0,0,0,0,0,0,0,0,0,0,0,0,0,0,0,0,0,0,0,0,0,0,0,0,0,0,0,0,0,0,0,0,0,0,0,0,0,0,0,0,36,32,0,0,0,0,0,0,20,0,0,0,0,0,0,0,0,0,0,0,0,0,0,0,0,3,0,0,0,0,0,0,0,0,0,2,0,0,0,0,0,0,0,0
525,Tahiti,Airport,Inner,T,TI,1251,720,642,143,0,1764,14,49,0,0,0,54,0,0,0,0,0,0,0,0,17,0,0,0,34,32,0,0,0,0,0,26,0,11,0,0,0,0,0,51,0,0,0,0,0,0,0,0,0,0,0,0,0,0,0,0,0,0,0,0,0,0,0,0,0,0,0,0,0,0,0,0,0,0,0,0,0,0,0,0,0,0,0,0,0,0,0,0,0,0,0,0,0,0,0,0,0,0,0,0,0,0,0,0,0,0,0,0,0,0,0,0,0,0,0,0,0,0
526,Tahiti,Airport,Inner,T,TI,2139,798,2706,498,0,0,2,0,0,0,0,34,0,0,0,122,0,66,0,24,95,0,0,0,0,29,0,0,0,0,0,50,0,0,44,107,0,0,39,0,0,0,0,0,0,171,0,0,0,0,53,0,0,0,0,0,0,44,0,0,0,0,0,77,0,0,0,67,0,0,0,0,0,0,0,0,31,31,0,0,0,0,0,18,0,0,0,0,0,0,0,0,0,0,0,0,0,0,0,0,0,0,0,0,0,0,0,0,0,0,0,0,0,0,0,0,0,0
527,Tahiti,Airport,Inner,T,TI,415,204,188,133,54,0,1967,0,0,0,0,0,0,0,0,0,0,0,0,0,8,0,0,49,0,0,0,0,0,31,0,0,0,0,0,0,0,128,0,0,0,0,0,0,0,0,0,0,0,0,0,0,0,0,0,0,0,0,0,0,0,0,26,0,0,0,0,0,0,0,0,0,0,0,0,0,0,0,0,0,0,0,0,0,0,0,0,0,0,0,0,0,0,0,0,0,0,0,0,0,0,0,0,0,0,0,0,0,0,0,0,0,0,0,0,0,0,0
530,Tahiti,Airport,Inner,T,TI,416,101,110,0,0,0,0,0,0,0,0,0,0,0,0,0,0,0,0,0,0,0,0,0,0,0,0,0,0,0,0,0,0,0,0,0,0,0,0,0,0,0,0,0,0,0,0,0,0,0,0,0,0,0,0,0,0,0,0,0,0,0,0,0,0,0,0,0,0,0,0,0,0,0,0,0,0,0,0,0,0,0,0,0,0,0,0,0,0,0,0,0,0,0,0,0,0,0,0,0,0,0,0,0,0,0,0,0,0,0,0,0,0,0,0,0,0,0
533,Tahiti,Airport,Inner,T,TI,1281,483,896,142,0,1352,377,74,0,0,0,24,0,40,55,45,0,0,0,0,20,0,0,0,28,0,0,0,0,0,0,0,0,16,0,0,0,0,0,0,0,0,0,0,0,0,0,0,0,0,0,0,0,0,0,0,0,0,20,0,0,0,0,0,0,0,0,0,0,0,0,0,0,0,0,0,0,0,0,0,0,0,0,0,0,0,0,0,0,0,0,0,0,0,0,0,0,0,0,0,0,0,0,0,0,0,0,0,0,0,0,0,0,0,0,0,0,0
539,Tahiti,Airport,Inner,T,TI,726,219,171,184,84,0,1180,0,0,0,0,17,0,0,0,0,0,0,0,0,6,0,0,58,0,17,0,0,0,50,0,0,0,0,0,0,0,77,0,0,0,0,0,0,0,0,0,0,0,0,0,0,0,0,0,0,0,0,0,0,0,0,30,0,0,0,0,0,0,0,0,0,0,0,0,0,0,0,0,0,0,0,0,0,0,0,0,0,0,0,0,0,0,0,0,0,0,0,0,0,0,0,0,0,0,0,0,0,0,0,0,0,0,0,0,0,0,0
540,Tahiti,Airport,Inner,T,TI,2053,291,243,247,216,0,82,0,187,0,0,25,0,0,0,0,0,0,0,0,8,0,0,0,0,0,0,0,0,0,0,0,0,0,0,0,0,0,0,0,0,0,0,0,0,0,0,0,0,0,0,0,0,0,0,0,0,0,0,0,0,0,0,0,0,0,0,0,0,0,0,0,0,0,0,0,0,0,0,0,0,0,0,0,0,0,5,0,0,0,0,0,0,0,0,0,0,0,0,0,0,0,0,0,0,0,0,0,0,0,0,0,0,0,0,0,0,0
545,Tahiti,Airport,Inner,T,TI,959,528,803,157,0,620,0,51,0,0,0,25,0,28,0,46,0,0,0,0,10,0,0,0,46,22,0,0,0,0,0,0,0,23,0,0,0,0,0,0,0,0,0,0,0,0,0,0,0,0,0,0,0,0,0,0,0,0,0,0,0,0,0,0,0,0,0,0,0,0,0,0,0,0,0,0,0,0,0,0,0,0,0,0,0,0,0,0,0,0,0,0,0,0,0,0,0,0,0,0,0,0,0,0,0,0,0,0,0,0,0,0,0,0,0,0,0,0
55,Moorea,NW,Inner,MNW,MNWI,4525,1039,381,635,278,0,0,245,0,236,124,69,0,93,0,0,0,120,0,93,20,133,84,0,0,40,0,0,58,0,0,0,0,21,0,0,0,0,50,0,0,0,0,59,0,0,0,36,0,68,0,47,0,0,0,0,0,0,0,0,0,0,0,0,0,6,0,0,0,0,0,0,23,0,0,0,0,0,0,0,0,0,0,0,0,5,0,0,0,0,0,0,0,0,0,0,0,0,0,0,0,0,0,0,0,0,0,0,0,0,0,0,0,0,0,0,0,0
58,Moorea,NW,Inner,MNW,MNWI,140,54,26,0,0,0,0,0,0,0,0,0,0,0,0,0,0,0,0,0,0,0,0,0,0,0,0,0,0,0,0,0,688,0,0,0,0,0,0,0,0,0,0,0,0,0,0,0,0,0,0,0,0,0,0,0,0,0,0,111,0,0,0,0,0,0,0,0,0,0,0,0,0,0,0,0,0,0,0,0,0,0,0,0,0,0,0,0,0,0,0,0,0,0,0,0,0,0,0,0,0,0,0,0,0,0,0,0,0,0,0,0,0,0,0,0,0,0
600,Moorea,SE,Outer,MSE,MSEO,6281,990,790,1336,484,0,8,372,0,370,241,102,0,93,51,93,0,98,0,129,43,185,143,0,0,33,0,0,95,0,0,0,0,22,0,0,45,0,0,0,0,0,92,54,0,0,0,0,112,49,50,69,0,0,0,0,0,0,0,0,0,0,0,0,0,0,0,0,0,0,0,0,0,0,0,0,0,0,0,0,0,0,0,0,0,0,0,0,0,0,6,0,0,0,0,0,0,0,0,0,0,0,0,0,0,0,0,0,0,0,0,0,0,0,0,0,0,0
604,Moorea,SE,Outer,MSE,MSEO,1093,647,549,175,0,262,0,47,0,0,0,39,0,0,0,0,459,0,358,0,11,0,0,0,51,0,0,0,0,0,183,0,0,0,0,0,0,0,0,0,0,80,0,0,50,0,0,0,0,0,0,0,0,0,0,0,0,0,0,0,0,0,0,0,0,0,0,0,0,0,0,0,0,0,0,0,0,0,0,0,0,0,0,0,0,0,0,0,0,0,0,0,0,0,0,0,0,0,0,0,0,0,0,0,0,0,0,0,0,0,0,0,0,0,0,0,0,0
607,Moorea,SE,Outer,MSE,MSEO,4732,850,682,609,445,0,0,161,324,121,77,60,0,91,80,72,0,82,0,61,37,0,70,0,0,26,0,115,26,0,0,0,0,19,0,0,0,0,0,0,0,0,0,0,0,0,0,0,0,0,0,0,0,0,0,0,0,0,0,0,0,0,0,0,0,0,0,0,0,0,0,0,0,0,0,0,0,0,0,0,0,0,0,0,0,0,0,0,0,0,0,0,0,0,0,0,0,0,0,0,3,0,0,0,0,0,0,0,0,0,0,0,0,0,0,0,0,0
608,Moorea,SE,Outer,MSE,MSEO,2948,709,1461,300,0,172,0,102,0,0,59,79,0,75,130,81,282,90,237,58,61,0,56,0,1,29,0,0,0,0,184,32,0,36,42,101,39,0,0,0,0,0,0,0,54,0,0,0,0,0,0,0,0,0,60,0,42,0,0,0,0,0,0,0,0,0,0,0,0,0,0,0,0,0,0,0,0,0,0,0,0,0,0,0,0,0,0,0,0,0,0,0,0,0,0,0,0,0,0,0,0,0,0,0,0,0,0,0,0,0,2,0,0,0,0,0,0,0
609,Moorea,SE,Outer,MSE,MSEO,5289,1118,821,518,509,0,0,116,578,0,58,77,0,64,108,78,0,74,0,39,49,0,0,0,0,58,0,331,0,0,0,0,0,12,50,65,53,0,0,65,0,0,0,0,0,0,50,57,0,0,0,0,0,0,0,44,0,0,0,0,0,0,0,0,0,0,0,0,0,0,0,0,0,0,0,0,0,0,0,0,0,0,0,0,0,0,0,0,0,0,0,0,0,0,0,0,0,0,0,0,0,0,0,0,0,0,0,0,0,0,0,2,0,0,0,0,0,0
612,Moorea,SE,Outer,MSE,MSEO,3924,776,607,410,362,0,0,77,353,0,65,73,0,0,54,0,111,108,90,0,37,0,0,0,0,25,0,115,0,0,0,0,0,0,37,0,39,0,0,0,0,0,0,0,24,0,0,0,0,0,0,0,0,0,0,0,0,0,0,0,0,0,0,0,0,0,0,0,0,0,0,0,0,0,0,0,0,0,0,0,0,0,0,0,0,9,0,0,0,0,0,0,0,0,0,0,0,0,0,0,0,0,0,0,0,0,0,0,0,0,0,0,2,0,0,0,0,0
614,Moorea,SE,Outer,MSE,MSEO,3779,811,887,686,311,0,0,194,76,226,141,34,0,83,67,88,0,57,0,39,62,0,45,0,1,0,0,0,0,0,0,0,0,8,0,67,0,0,0,62,0,0,0,0,0,0,44,0,0,0,0,0,0,0,0,0,0,0,0,0,0,0,0,0,0,0,70,0,0,0,0,0,0,0,0,0,0,0,0,0,0,0,0,0,0,0,0,0,5,0,0,0,0,0,0,0,0,0,0,0,0,0,0,0,0,0,0,0,0,0,0,0,0,0,0,0,0,0
616,Moorea,SE,Outer,MSE,MSEO,2567,1226,1361,835,0,0,0,328,0,0,185,139,0,137,198,257,0,109,0,133,70,0,116,0,0,61,0,0,0,0,0,50,0,68,46,0,103,0,53,0,0,0,61,0,0,0,0,53,0,0,0,0,0,158,87,0,0,0,0,0,0,0,0,0,76,0,0,0,67,0,0,0,0,0,0,0,0,0,0,0,0,0,0,0,0,0,0,0,0,0,0,0,0,0,0,0,0,0,0,0,0,0,0,0,0,0,0,0,0,0,0,0,0,0,0,0,0,0
617,Moorea,SE,Outer,MSE,MSEO,2947,598,513,361,267,0,0,0,265,0,0,58,0,0,71,61,0,0,0,0,35,0,0,0,28,0,0,140,0,0,0,22,0,0,0,0,0,0,0,0,0,0,0,0,0,0,0,0,0,0,0,0,0,0,0,0,0,0,0,0,0,0,0,0,0,3,0,0,0,0,0,0,0,0,0,0,0,0,0,0,0,0,0,0,0,0,0,0,0,0,0,0,0,0,0,0,0,0,0,0,0,0,0,0,0,0,0,0,0,0,0,0,0,0,0,0,0,0
618,Moorea,SE,Outer,MSE,MSEO,1142,970,1059,256,0,332,0,59,0,0,49,58,0,0,48,48,963,77,838,0,20,0,0,0,0,34,0,0,0,0,404,49,0,17,0,0,0,0,45,0,0,230,0,0,65,0,0,0,0,0,0,0,175,0,0,0,0,0,20,0,0,92,0,0,0,0,0,0,0,0,0,0,0,0,0,0,0,0,0,0,0,0,0,0,0,0,0,0,0,0,0,0,0,0,0,0,0,0,0,0,0,0,0,0,0,0,0,0,0,0,0,0,0,0,0,0,0,0
619,Moorea,SE,Outer,MSE,MSEO,2665,599,510,358,302,0,0,0,245,0,0,34,0,0,78,0,0,0,0,0,20,0,0,0,50,0,0,121,0,0,0,0,0,8,0,0,0,0,0,0,0,0,0,0,0,0,0,0,0,0,0,0,0,0,0,0,0,0,0,0,0,0,0,0,0,0,0,0,0,0,0,0,0,0,0,0,0,0,0,0,0,0,0,0,0,0,0,0,0,0,0,0,0,0,0,0,4,0,0,0,0,0,0,0,0,0,0,0,0,0,0,0,0,0,0,0,0,0
62,Moorea,NW,Inner,MNW,MNWI,2400,482,227,469,232,0,0,101,0,173,61,0,0,56,0,0,0,0,0,38,17,0,0,0,0,27,0,0,51,0,0,0,0,0,0,0,0,0,0,0,0,0,0,0,0,0,0,0,0,0,0,0,0,0,0,0,0,0,0,0,0,0,0,0,0,5,0,0,0,0,0,0,0,0,0,0,0,0,0,0,0,0,0,0,0,0,0,0,0,0,0,0,0,0,0,0,0,0,0,0,0,0,0,0,0,0,0,0,0,0,0,0,0,0,0,0,0,0
626,Moorea,SE,Outer,MSE,MSEO,3191,655,428,659,220,0,0,148,0,167,85,37,0,91,0,0,93,0,84,55,13,112,0,0,37,28,0,0,35,0,0,22,0,13,0,0,0,0,0,0,0,0,0,0,35,0,0,0,0,0,0,0,0,0,0,0,0,0,0,0,0,0,0,0,0,0,0,0,0,0,0,0,0,0,0,0,0,0,0,0,0,0,0,0,0,0,0,0,0,0,0,0,0,0,0,0,0,0,0,0,0,0,0,0,0,0,0,0,0,0,0,0,0,0,0,0,0,1
627,Moorea,SE,Outer,MSE,MSEO,5597,491,648,929,518,0,0,351,0,365,228,28,0,82,59,0,0,0,0,52,41,172,109,0,52,0,0,0,91,0,0,0,0,7,0,0,0,0,0,0,0,0,64,64,0,0,0,0,0,0,0,63,0,0,0,0,0,0,0,0,0,0,0,0,0,0,0,0,0,0,0,0,0,0,0,0,0,0,0,0,0,0,0,0,0,0,0,0,0,0,0,0,0,0,0,0,0,0,0,0,0,0,0,0,0,0,0,0,0,0,0,0,0,2,0,0,0,0
63,Moorea,NW,Inner,MNW,MNWI,2927,590,359,725,261,0,0,188,0,157,114,34,0,103,0,0,0,0,0,57,16,134,56,0,60,0,0,0,49,0,0,0,0,9,0,0,0,0,0,0,0,0,0,0,0,0,0,0,0,0,0,0,0,0,0,0,0,0,0,0,0,0,0,0,0,0,0,0,0,0,0,0,0,0,0,0,0,0,0,0,0,0,0,0,0,0,0,0,0,0,0,0,0,0,0,0,0,0,0,0,0,0,0,0,0,0,0,0,0,0,0,0,0,0,0,0,0,0
630,Moorea,SE,Outer,MSE,MSEO,3432,570,564,691,265,0,0,192,0,183,120,45,0,112,0,0,0,0,0,74,21,0,53,0,32,0,0,0,29,0,0,34,0,11,0,0,0,0,0,0,0,0,0,0,0,0,0,0,0,0,0,0,0,0,0,0,0,0,0,0,0,0,0,0,0,0,0,0,0,0,0,0,0,0,0,0,0,0,0,0,0,0,0,0,0,0,0,0,0,0,0,0,0,0,0,0,0,0,0,0,0,0,0,0,0,0,0,0,0,0,0,0,0,0,0,0,0,0
632,Moorea,SE,Outer,MSE,MSEO,2232,689,881,275,0,0,0,98,0,0,60,75,0,52,66,111,0,60,0,0,33,0,39,0,0,33,0,0,0,0,0,34,0,26,0,0,52,0,0,44,0,0,0,0,0,0,0,0,0,0,0,0,0,0,0,0,0,0,0,0,0,0,0,0,0,0,0,0,0,0,0,0,0,0,0,0,0,0,0,0,0,0,0,0,0,0,0,0,0,0,0,0,0,0,0,0,0,0,0,0,0,0,0,0,0,0,0,0,0,0,0,0,0,0,0,0,0,0
633,Moorea,SE,Outer,MSE,MSEO,1724,386,229,390,137,0,0,88,0,96,0,24,0,43,0,0,0,0,0,0,5,0,0,0,38,0,0,0,38,0,0,0,0,0,0,0,0,0,0,0,0,0,0,0,0,0,0,0,0,0,0,0,0,0,0,0,0,0,0,0,0,0,0,0,0,0,0,0,0,0,0,0,0,0,0,0,0,0,0,3,0,0,0,0,0,0,0,0,0,0,0,0,0,0,0,0,0,0,0,0,0,0,0,0,0,0,0,0,0,0,0,0,0,0,0,0,0,0
65,Moorea,NW,Inner,MNW,MNWI,1867,493,208,430,135,0,0,113,0,101,65,42,0,57,0,0,0,0,0,42,13,0,0,0,24,0,0,0,38,0,0,19,0,0,0,0,0,0,0,0,0,0,0,0,0,0,0,0,0,0,0,0,0,0,0,0,0,0,0,0,0,0,0,0,0,3,0,0,0,0,0,0,0,0,0,0,0,0,0,0,0,0,0,0,0,0,0,0,0,0,0,0,0,0,0,0,0,0,0,0,0,0,0,0,0,0,0,0,0,0,0,0,0,0,0,0,0,0
70,Moorea,NW,Inner,MNW,MNWI,1814,1052,469,537,294,0,2,56,0,0,82,88,0,0,40,47,0,83,0,0,18,0,0,0,1,37,0,0,0,0,0,36,0,22,0,0,0,0,0,0,0,0,0,0,0,0,56,39,0,50,0,0,0,0,0,41,0,0,0,0,106,0,0,0,0,5,0,0,0,0,0,0,0,0,0,0,0,0,0,0,0,0,0,0,0,0,0,0,0,0,0,0,0,0,0,0,0,0,0,0,0,0,0,0,0,0,0,0,0,0,0,0,0,0,0,0,0,0
72,Moorea,NW,Inner,MNW,MNWI,1008,216,101,264,96,0,0,0,0,67,0,0,0,0,0,0,0,0,0,0,0,0,0,0,0,0,0,0,27,0,0,0,0,0,0,0,0,0,0,0,0,0,0,0,0,0,0,0,0,0,0,0,0,0,0,0,0,0,0,0,0,0,0,0,0,0,0,0,0,0,0,0,0,0,0,0,0,0,0,0,0,5,0,0,0,0,0,0,0,0,0,0,0,0,0,0,0,0,0,0,0,0,0,0,0,0,0,0,0,0,0,0,0,0,2,0,0,0
73,Moorea,NW,Inner,MNW,MNWI,4964,972,791,664,568,0,0,186,553,0,144,73,0,79,77,68,0,76,0,50,49,0,82,0,0,61,0,119,0,0,0,0,0,19,0,0,0,0,0,0,0,0,0,0,0,0,41,0,0,42,42,0,0,0,0,48,44,0,0,0,0,0,0,0,0,0,0,0,0,0,0,0,0,0,0,0,0,0,0,0,0,0,0,0,0,0,0,0,0,0,0,0,0,0,0,0,0,0,0,0,0,0,0,0,0,0,0,0,0,0,0,0,0,0,0,0,0,0
76,Moorea,NW,Inner,MNW,MNWI,192,17,0,0,0,0,0,0,0,0,0,0,0,0,0,0,0,0,0,0,0,0,0,0,0,0,0,0,0,0,0,0,0,0,0,0,0,0,0,0,0,0,0,0,0,0,0,0,0,0,0,0,0,0,0,0,0,0,0,0,0,0,0,0,0,0,0,0,0,0,0,0,0,0,0,0,0,0,0,0,0,0,0,0,0,0,0,0,0,0,0,0,0,0,0,0,0,0,0,0,0,0,0,0,0,0,0,0,0,0,0,0,0,0,0,0,0,0
87,Moorea,NW,Inner,MNW,MNWI,0,0,0,0,0,0,0,0,0,0,0,0,0,0,0,0,0,0,0,0,0,0,0,0,0,0,0,0,0,0,0,0,0,0,0,0,0,0,0,0,0,0,0,0,0,0,0,0,0,0,0,0,0,0,0,0,0,0,0,0,0,0,0,0,0,0,0,0,0,0,0,0,0,0,0,0,0,0,0,0,0,0,0,0,0,0,0,0,0,0,0,0,0,0,0,0,0,0,0,0,0,0,0,0,0,0,0,0,0,0,0,0,0,0,0,0,0,0
89,Moorea,NW,Inner,MNW,MNWI,1446,388,123,396,140,0,13,81,0,96,51,28,0,0,0,0,0,0,0,0,6,48,0,0,0,0,0,0,18,0,0,0,0,0,0,0,0,0,0,0,0,0,0,0,0,0,0,0,0,0,0,0,0,0,0,0,0,0,0,0,0,0,0,0,0,0,0,0,0,0,0,0,0,0,0,0,0,0,0,0,0,0,0,0,0,0,0,0,0,0,0,0,0,0,0,0,0,0,0,0,0,0,0,0,0,0,0,0,0,0,0,0,0,0,0,0,0,0
96,Moorea,NW,Inner,MNW,MNWI,2300,434,161,408,208,0,0,100,0,166,65,18,0,40,0,0,0,0,0,40,8,84,0,0,32,0,0,0,16,0,0,0,0,0,0,0,0,0,0,0,0,0,0,0,0,0,0,0,0,0,0,0,0,0,0,0,0,0,0,0,0,0,0,0,0,0,0,0,0,0,0,0,0,0,0,0,0,0,0,0,0,0,0,0,0,0,0,0,0,0,0,0,0,0,0,0,0,0,0,0,0,0,0,0,0,0,0,0,0,0,0,0,0,0,0,0,0,0
97,Moorea,NW,Inner,MNW,MNWI,2264,309,160,424,205,0,0,82,0,176,60,0,0,43,0,0,0,0,0,0,6,0,0,0,0,0,0,0,41,0,0,23,0,0,0,0,0,0,0,0,0,0,0,0,0,0,0,0,0,0,0,0,0,0,0,0,0,0,0,0,0,0,0,0,0,0,0,0,0,0,0,0,0,0,0,0,0,0,0,0,0,0,0,0,0,0,0,0,0,0,0,0,0,0,0,0,0,0,0,0,0,0,0,0,0,0,0,0,0,0,0,0,0,0,0,0,0,0
98,Moorea,NW,Inner,MNW,MNWI,1071,199,79,155,78,0,353,0,0,72,0,19,0,0,0,0,0,0,0,0,0,0,0,0,0,0,0,0,0,0,0,0,0,0,0,0,0,0,0,0,0,0,0,0,0,0,0,0,0,0,0,0,0,0,0,0,0,0,0,0,0,0,0,0,0,0,0,0,0,0,0,0,0,0,0,0,0,0,0,0,0,4,0,0,0,0,0,0,0,0,0,0,0,0,0,0,0,0,0,0,0,0,0,0,0,0,0,0,0,0,0,0,0,0,0,0,0,0